SKU code,Product name,Product description,Product Category,Product Subcategory,Quantity on hand,Reorder Quantity,Unit price,Product rating
GGB-FD0TVBDI,Snackify Beverages Family Pack,"Snackify Beverages with Gluten?free, Suitable for vegetarians, Imported. Priced competitively at $3.00.",Groceries & Gourmet,Beverages,308,13,3,3.6
BC-KH1DNMMJ,BlueCedar Children Collection,"BlueCedar Children with Hardcover, 307 pages, English language. Priced competitively at $31.99.",Books,Children,22,103,31.99,4
HKHD-ZBIKCIDK,BrightNest Home Decor Pro,"BrightNest Home Decor with Non?stick, Energy?efficient, Easy to clean. Priced competitively at $68.00.",Home & Kitchen,Home Decor,325,116,68,3.9
HS-FN9XUY41,CarePlus Supplements Max,"CarePlus Supplements with GMP certified, Easy?read display, Child?safe cap. Priced competitively at $105.90.",Health,Supplements,117,115,105.9,4.5
F-T-R5XFF0T0,Stone&Co Tops Weekend,"Stone&Co Tops with Breathable fabric, Relaxed fit, Hand wash cold. Priced competitively at $29.00.",Fashion - Men,Tops,219,84,29,4
HKC-2PCN9T84,SwiftClean Cookware Pro,"SwiftClean Cookware with Dishwasher?safe, Energy?efficient, Heat?resistant up to 230°C. Priced competitively at $331.90.",Home & Kitchen,Cookware,5,97,331.9,4.4
F-F-AZZ81SDW,Stone&Co Footwear Active,"Stone&Co Footwear with Four?way stretch, Regular fit, Dry clean recommended. Priced competitively at $45.95.",Fashion - Men,Footwear,430,91,45.95,3.9
PSD-753LC58D,PawJoy Dog Complete,"PawJoy Dog with Vet?recommended, For large breeds, No artificial colours. Priced competitively at $152.95.",Pet Supplies,Dog,248,114,152.95,4.2
BPF-5PHT0HL9,Velour Fragrances Strength,"Velour Fragrances with Dermatologist?tested, For sensitive skin, Hyaluronic acid. Priced competitively at $373.90.",Beauty & Personal Care,Fragrances,332,57,373.9,3.8
HKB-AZCCBLSK,BrightNest Bedding Pro,"BrightNest Bedding with Non?stick, Energy?efficient, Heat?resistant up to 230°C. Priced competitively at $18.90.",Home & Kitchen,Bedding,248,37,18.9,4.4
BC&-DPPQ0Y9D,NorthStar Comics & Manga Series,"NorthStar Comics & Manga with Paperback, 376 pages, English language. Priced competitively at $13.95.",Books,Comics & Manga,206,103,13.95,3.8
PSSP-I7P5TB94,AquaScape Small Pets Comfort,"AquaScape Small Pets with Vet?recommended, Suitable for all breeds, High?protein. Priced competitively at $21.90.",Pet Supplies,Small Pets,496,21,21.9,4.9
AT&-N9J2QP89,AutoZen Tools & Equipment Ultimate,"AutoZen Tools & Equipment with Microfiber material, Universal fit, Meets OEM specs. Priced competitively at $124.95.",Automotive,Tools & Equipment,284,94,124.95,4.2
BT-S4F8CGVY,Maple Press Textbooks Vol.1,"Maple Press Textbooks with Paperback, 432 pages, English language. Priced competitively at $26.00.",Books,Textbooks,120,61,26,4
BF-7HZIOYKL,Sunrise House Fiction Collection,"Sunrise House Fiction with Paperback, 255 pages, English language. Priced competitively at $30.95.",Books,Fiction,384,19,30.95,4.8
SOY&-NF4ZW9XA,TrailForge Yoga & Wellness Elite,"TrailForge Yoga & Wellness with Anti?slip grip, Foldable for storage, Beginner friendly. Priced competitively at $55.00.",Sports & Outdoors,Yoga & Wellness,418,80,55,4.2
BPM-FKHMY4SJ,UrbanMan Makeup Strength,"UrbanMan Makeup with Sulfate?free, For all skin types, Vitamin C. Priced competitively at $18.99.",Beauty & Personal Care,Makeup,464,118,18.99,4.7
F-O-PZUE8YFB,Velvete Outerwear Weekend,"Velvete Outerwear with Breathable fabric, Slim fit, Machine washable. Priced competitively at $83.00.",Fashion - Women,Outerwear,189,84,83,4.4
ES-YMU5907I,Zenbyte Watch X 5,"Zenbyte Smartwatches with 76GB storage, 6GB RAM, USB?C. Priced competitively at $334.99.",Electronics,Smartwatches,83,112,334.99,4.5
F-B-4I3QK2IA,AxisWear Bottoms Classic,"AxisWear Bottoms with Four?way stretch, Slim fit, Machine washable. Priced competitively at $150.99.",Fashion - Men,Bottoms,98,61,150.99,3.4
F-F-7E8G8JDP,Cobalt Lane Footwear Premium,"Cobalt Lane Footwear with 100% cotton, Slim fit, Dry clean recommended. Priced competitively at $232.95.",Fashion - Men,Footwear,373,110,232.95,4
SOC-7TZ0YNCX,TrailForge Cycling X,"TrailForge Cycling with Anti?slip grip, Foldable for storage, Beginner friendly. Priced competitively at $48.95.",Sports & Outdoors,Cycling,169,89,48.95,4.7
HPC-ZTGXN0GU,Healio Personal Care Care,"Healio Personal Care with GMP certified, Easy?read display, Latex?free. Priced competitively at $42.95.",Health,Personal Care,207,80,42.95,4.4
BC-280XKXWD,BlueCedar Children Vol.9,"BlueCedar Children with Paperback, 497 pages, English language. Priced competitively at $18.95.",Books,Children,487,106,18.95,3.9
SOC&-4COWGZRI,FlexiFit Camping & Hiking X,"FlexiFit Camping & Hiking with Lightweight frame, Weather?resistant, Beginner friendly. Priced competitively at $17.90.",Sports & Outdoors,Camping & Hiking,335,98,17.9,4.9
BPGT-EQTUL1P3,Lumina Grooming Tools Glow,"Lumina Grooming Tools with Cruelty?free, For oily skin, Hyaluronic acid. Priced competitively at $97.90.",Beauty & Personal Care,Grooming Tools,456,74,97.9,4.2
HFA-RIPZIM6C,Healio First Aid Advanced,"Healio First Aid with GMP certified, Once?daily usage, Child?safe cap. Priced competitively at $30.90.",Health,First Aid,77,39,30.9,4
TGAF-3O18A5UR,PlaySmith Action Figures Explorer,"PlaySmith Action Figures with Ages 36, Family game night, No batteries required. Priced competitively at $69.95.",Toys & Games,Action Figures,482,55,69.95,4.4
PSA-JRNY2047,HappyPaws Accessories Grain?Free,"HappyPaws Accessories with Natural ingredients, For large breeds, No artificial colours. Priced competitively at $112.90.",Pet Supplies,Accessories,318,78,112.9,4.6
HKV&-JLQM5K8P,ChefMate Vacuum & Cleaning Set,"ChefMate Vacuum & Cleaning with BPA?free, Ergonomic handle, Heat?resistant up to 230°C. Priced competitively at $295.95.",Home & Kitchen,Vacuum & Cleaning,427,20,295.95,4.3
PSD-2X18HAFE,WhiskerWorks Dog Complete,"WhiskerWorks Dog with Natural ingredients, For small breeds, High?protein. Priced competitively at $299.00.",Pet Supplies,Dog,342,24,299,3.9
BPGT-DALY8OZC,AquaDerm Grooming Tools Matte,"AquaDerm Grooming Tools with Paraben?free, For all skin types, Niacinamide. Priced competitively at $133.99.",Beauty & Personal Care,Grooming Tools,353,116,133.99,4.1
GGHF-PNSM43D8,MorningMills Health Foods,"MorningMills Health Foods with Low sugar, Keto friendly, Imported. Priced competitively at $75.99.",Groceries & Gourmet,Health Foods,325,116,75.99,4
BT-LI7KQ1UY,NorthStar Textbooks Collection,"NorthStar Textbooks with Hardcover, 512 pages, English language. Priced competitively at $149.95.",Books,Textbooks,172,13,149.95,4.3
AIA-5ZJA8DZR,TorquePro Interior Accessories Essential,"TorquePro Interior Accessories with Microfiber material, Compact storage case, Meets OEM specs. Priced competitively at $78.00.",Automotive,Interior Accessories,388,40,78,4
HKB-URTP0LZJ,Nordica Bedding,"Nordica Bedding with Dishwasher?safe, Energy?efficient, Includes user guide. Priced competitively at $58.90.",Home & Kitchen,Bedding,128,39,58.9,3.7
F-D-0JV1V93K,Velvete Dresses Essential,"Velvete Dresses with Breathable fabric, Slim fit, Machine washable. Priced competitively at $343.90.",Fashion - Women,Dresses,184,32,343.9,4
ESH-DAKRM8J5,Cresta Door Sensor,"Cresta Smart Home with 97GB storage, 10GB RAM, NFC support. Priced competitively at $99.90.",Electronics,Smart Home,58,115,99.9,4.8
BPHC-E1V2ISQP,Lumina Hair Care Repair,"Lumina Hair Care with Dermatologist?tested, For all skin types, Hyaluronic acid. Priced competitively at $189.00.",Beauty & Personal Care,Hair Care,440,85,189,4.5
GGS-GCAQVKIZ,Snackify Snacks Family Pack,"Snackify Snacks with Gluten?free, Suitable for vegetarians, Locally sourced. Priced competitively at $9.99.",Groceries & Gourmet,Snacks,359,120,9.99,4.2
F-O-TX63CFL0,AxisWear Outerwear Classic,"AxisWear Outerwear with Four?way stretch, Relaxed fit, Hand wash cold. Priced competitively at $304.90.",Fashion - Men,Outerwear,291,46,304.9,3.8
F-O-BPLJD84U,UrbanCut Outerwear Signature,"UrbanCut Outerwear with Four?way stretch, Relaxed fit, Machine washable. Priced competitively at $242.95.",Fashion - Men,Outerwear,486,12,242.95,4.4
BPF-9P38QOLD,Velour Fragrances Repair,"Velour Fragrances with Cruelty?free, For all skin types, Argan oil. Priced competitively at $181.95.",Beauty & Personal Care,Fragrances,82,52,181.95,3.8
HKB-3A5QBSWR,Homely Bedding Plus,"Homely Bedding with Dishwasher?safe, Ergonomic handle, Easy to clean. Priced competitively at $65.99.",Home & Kitchen,Bedding,226,107,65.99,4.4
PSC-BW2ZLAOI,HappyPaws Cat Complete,"HappyPaws Cat with Vet?recommended, For small breeds, Low?odor. Priced competitively at $270.95.",Pet Supplies,Cat,430,24,270.95,4
F-O-ITN7S55J,AxisWear Outerwear Active,"AxisWear Outerwear with Water?resistant, Slim fit, Dry clean recommended. Priced competitively at $328.95.",Fashion - Men,Outerwear,404,119,328.95,4.2
F-T-9RFTMTTQ,Cobalt Lane Tops Signature,"Cobalt Lane Tops with Water?resistant, Regular fit, Hand wash cold. Priced competitively at $38.00.",Fashion - Men,Tops,164,34,38,4.5
ET-8E8LD4D6,"HeliosTech Tab 11""","HeliosTech Tablets with 137GB storage, 10GB RAM, Wi?Fi 6. Priced competitively at $1103.95.",Electronics,Tablets,7,102,1103.95,4.2
F-F-44NLZ15B,UrbanCut Footwear Premium,"UrbanCut Footwear with Breathable fabric, Relaxed fit, Machine washable. Priced competitively at $224.95.",Fashion - Men,Footwear,35,40,224.95,3.6
TGBS-Y6B2KNFT,FunFoundry Building Sets Explorer,"FunFoundry Building Sets with Ages 8+, STEM learning, Includes instructions. Priced competitively at $210.99.",Toys & Games,Building Sets,289,97,210.99,3.5
HKHD-FQJJA26Y,Homely Home Decor Plus,"Homely Home Decor with Stainless steel, Energy?efficient, Easy to clean. Priced competitively at $250.90.",Home & Kitchen,Home Decor,80,19,250.9,3.9
HPC-4DNMKZA3,MediSure Personal Care Care,"MediSure Personal Care with GMP certified, Portable design, Latex?free. Priced competitively at $37.00.",Health,Personal Care,202,45,37,4.3
HS-VMWWYZX4,Healio Supplements Max,"Healio Supplements with CE?marked, Easy?read display, Includes carrying case. Priced competitively at $176.95.",Health,Supplements,321,22,176.95,4.7
BC-GET8T63J,InkWave Children Vol.6,"InkWave Children with Hardcover, 526 pages, English language. Priced competitively at $28.99.",Books,Children,422,71,28.99,3.9
ACC-N2ATQYYV,CleanRide Car Care Care,"CleanRide Car Care with All?season formula, Compact storage case, Meets OEM specs. Priced competitively at $21.90.",Automotive,Car Care,421,91,21.9,4.4
BT-XEBB9EIT,Maple Press Textbooks Collection,"Maple Press Textbooks with Hardcover, 609 pages, English language. Priced competitively at $65.90.",Books,Textbooks,198,68,65.9,4.1
HMD-O8BNP84D,PureAid Medical Devices Advanced,"PureAid Medical Devices with CE?marked, Once?daily usage, Child?safe cap. Priced competitively at $258.99.",Health,Medical Devices,351,57,258.99,3.1
F-B-HX8BM92H,UrbanCut Bottoms Weekend,"UrbanCut Bottoms with Breathable fabric, Relaxed fit, Machine washable. Priced competitively at $191.95.",Fashion - Men,Bottoms,424,107,191.95,3.9
SOC-9T2D5EM2,PeakPro Cycling Elite,"PeakPro Cycling with Sweat?wicking, Foldable for storage, Pro grade. Priced competitively at $1061.99.",Sports & Outdoors,Cycling,301,51,1061.99,4.5
PSD-SDS8B25S,HappyPaws Dog Natural,"HappyPaws Dog with Vet?recommended, Suitable for all breeds, High?protein. Priced competitively at $202.95.",Pet Supplies,Dog,234,92,202.95,4.2
TGST-6LFEWVZN,FunFoundry STEM Toys Starter,"FunFoundry STEM Toys with Ages 36, STEM learning, Batteries included. Priced competitively at $184.95.",Toys & Games,STEM Toys,305,77,184.95,4.1
HKV&-5O3O0LLJ,Homely Vacuum & Cleaning Deluxe,"Homely Vacuum & Cleaning with BPA?free, Ergonomic handle, Includes user guide. Priced competitively at $473.90.",Home & Kitchen,Vacuum & Cleaning,488,29,473.9,4.7
HKC-C8UYO57P,ChefMate Cookware Plus,"ChefMate Cookware with Stainless steel, Compact design, Includes user guide. Priced competitively at $148.00.",Home & Kitchen,Cookware,468,102,148,4.5
BT-4N1U3493,BlueCedar Textbooks Collection,"BlueCedar Textbooks with Paperback, 453 pages, English language. Priced competitively at $47.95.",Books,Textbooks,314,96,47.95,4.3
BPM-A5UOFWB0,Velour Makeup Matte,"Velour Makeup with Sulfate?free, For dry skin, Niacinamide. Priced competitively at $126.00.",Beauty & Personal Care,Makeup,110,58,126,3.9
BT-YJXRPJ1E,BlueCedar Textbooks Series,"BlueCedar Textbooks with Hardcover, 678 pages, English language. Priced competitively at $29.99.",Books,Textbooks,220,24,29.99,4.4
GGPS-AKHEJLA0,VitaBurst Pantry Staples Organic,"VitaBurst Pantry Staples with High fibre, Suitable for vegetarians, Imported. Priced competitively at $4.95.",Groceries & Gourmet,Pantry Staples,89,26,4.95,3.7
HS-UUZPEAL2,VitalEdge Supplements Daily,"VitalEdge Supplements with Clinically tested, Easy?read display, Includes carrying case. Priced competitively at $70.95.",Health,Supplements,316,68,70.95,4.6
TGBS-OLMLGSES,KidLabs Building Sets Starter,"KidLabs Building Sets with Ages 12+, STEM learning, Includes instructions. Priced competitively at $56.95.",Toys & Games,Building Sets,463,109,56.95,3.8
HKSA-1XG1R11Q,BrightNest Small Appliances Pro,"BrightNest Small Appliances with Stainless steel, Energy?efficient, Easy to clean. Priced competitively at $163.90.",Home & Kitchen,Small Appliances,473,82,163.9,4.7
BPF-2VMCQBNK,UrbanMan Fragrances Matte,"UrbanMan Fragrances with Cruelty?free, For oily skin, Vitamin C. Priced competitively at $34.95.",Beauty & Personal Care,Fragrances,330,120,34.95,4.4
AO&-S8Q349DX,SteelLine Oils & Fluids Shield,"SteelLine Oils & Fluids with Heavy?duty steel, Compact storage case, 12?month warranty. Priced competitively at $87.00.",Automotive,Oils & Fluids,20,41,87,4.2
PSA-N1YBWMLU,AquaScape Accessories Natural,"AquaScape Accessories with Natural ingredients, Suitable for all breeds, High?protein. Priced competitively at $80.00.",Pet Supplies,Accessories,197,46,80,4.2
HKHD-ZOV7LN23,Nordica Home Decor,"Nordica Home Decor with Dishwasher?safe, Energy?efficient, Heat?resistant up to 230°C. Priced competitively at $177.00.",Home & Kitchen,Home Decor,343,99,177,5
TGP-8M1G9FK2,BrainSpark Puzzles Explorer,"BrainSpark Puzzles with Ages 12+, STEM learning, Batteries included. Priced competitively at $31.00.",Toys & Games,Puzzles,259,108,31,3.6
F-O-GYW6ZBNZ,Velvete Outerwear Essential,"Velvete Outerwear with Four?way stretch, Relaxed fit, Hand wash cold. Priced competitively at $385.95.",Fashion - Women,Outerwear,496,66,385.95,4
SOY&-YUP12SPF,AeroStride Yoga & Wellness Core,"AeroStride Yoga & Wellness with Lightweight frame, Foldable for storage, Pro grade. Priced competitively at $49.95.",Sports & Outdoors,Yoga & Wellness,102,112,49.95,3.6
F-A-1J6FP8HQ,Citrine Accessories Classic,"Citrine Accessories with Water?resistant, Regular fit, Hand wash cold. Priced competitively at $227.99.",Fashion - Women,Accessories,178,13,227.99,3.7
PSA-B74X2EK3,AquaScape Aquatic Grain?Free,"AquaScape Aquatic with Grain?free, For large breeds, No artificial colours. Priced competitively at $62.99.",Pet Supplies,Aquatic,356,116,62.99,4.6
HKC-VP1IEIXW,BrightNest Cookware,"BrightNest Cookware with BPA?free, Energy?efficient, Heat?resistant up to 230°C. Priced competitively at $87.90.",Home & Kitchen,Cookware,32,24,87.9,4.7
ESH-AMUGYSM8,Zenbyte Door Sensor,"Zenbyte Smart Home with 74GB storage, 10GB RAM, NFC support. Priced competitively at $204.90.",Electronics,Smart Home,278,74,204.9,4.3
F-B-IXDU1EMM,Asteria Bottoms Premium,"Asteria Bottoms with Water?resistant, Relaxed fit, Hand wash cold. Priced competitively at $175.00.",Fashion - Women,Bottoms,329,32,175,3.7
GGS-KBHB7S9T,RiverLeaf Snacks Organic,"RiverLeaf Snacks with High fibre, Suitable for vegetarians, Imported. Priced competitively at $30.99.",Groceries & Gourmet,Snacks,129,14,30.99,4.2
F-T-P8MGYN2J,AxisWear Tops Weekend,"AxisWear Tops with Water?resistant, Regular fit, Hand wash cold. Priced competitively at $114.95.",Fashion - Men,Tops,42,103,114.95,3.9
BN-XLVPYMB5,Maple Press Non?Fiction Collection,"Maple Press Non?Fiction with Paperback, 256 pages, English language. Priced competitively at $41.00.",Books,Non?Fiction,180,88,41,4.5
GGB-4YPEIXN8,GoodGrain Breakfast Family Pack,"GoodGrain Breakfast with Low sugar, Keto friendly, Imported. Priced competitively at $12.90.",Groceries & Gourmet,Breakfast,16,87,12.9,4.2
F-B-TOXIE0RN,Seraphine Bottoms Essential,"Seraphine Bottoms with Water?resistant, Regular fit, Dry clean recommended. Priced competitively at $98.99.",Fashion - Women,Bottoms,287,25,98.99,4.2
F-A-GZ9389YZ,UrbanCut Accessories Active,"UrbanCut Accessories with Four?way stretch, Slim fit, Machine washable. Priced competitively at $29.90.",Fashion - Men,Accessories,281,79,29.9,4.5
HMD-2IRMUQ9E,VitalEdge Medical Devices Max,"VitalEdge Medical Devices with Clinically tested, Portable design, Child?safe cap. Priced competitively at $227.90.",Health,Medical Devices,452,21,227.9,4.6
PSSP-XQYM52XG,WhiskerWorks Small Pets Natural,"WhiskerWorks Small Pets with Grain?free, For large breeds, No artificial colours. Priced competitively at $141.99.",Pet Supplies,Small Pets,494,26,141.99,4.4
HKHD-7I8SKCH8,ChefMate Home Decor Essential,"ChefMate Home Decor with Dishwasher?safe, Energy?efficient, Heat?resistant up to 230°C. Priced competitively at $36.90.",Home & Kitchen,Home Decor,140,26,36.9,3.8
BPGT-W6M7B5C8,AquaDerm Grooming Tools Calm,"AquaDerm Grooming Tools with Sulfate?free, For sensitive skin, Argan oil. Priced competitively at $230.90.",Beauty & Personal Care,Grooming Tools,394,83,230.9,3.8
BF-2YKCCPRH,InkWave Fiction Edition,"InkWave Fiction with Hardcover, 588 pages, English language. Priced competitively at $24.00.",Books,Fiction,310,28,24,4
F-A-EQFB85P8,Velvete Accessories Active,"Velvete Accessories with Four?way stretch, Relaxed fit, Dry clean recommended. Priced competitively at $117.00.",Fashion - Women,Accessories,461,30,117,4.8
F-T-RLA8S8HM,Seraphine Tops Active,"Seraphine Tops with Water?resistant, Slim fit, Dry clean recommended. Priced competitively at $142.95.",Fashion - Women,Tops,25,46,142.95,3.4
EL-BUNKNQT3,"Cresta Note 16"" 2021","Cresta Laptops with 376GB storage, 5GB RAM, Wi?Fi 6. Priced competitively at $1678.00.",Electronics,Laptops,319,97,1678,4.2
F-O-VOBBZ2SF,Velvete Outerwear Essential,"Velvete Outerwear with Four?way stretch, Regular fit, Hand wash cold. Priced competitively at $687.00.",Fashion - Women,Outerwear,457,75,687,4.8
BC-3NY9V20Y,Sunrise House Children Vol.5,"Sunrise House Children with Hardcover, 451 pages, English language. Priced competitively at $23.95.",Books,Children,13,86,23.95,4.9
BT-SZ1N3IUZ,Sunrise House Textbooks Edition,"Sunrise House Textbooks with Hardcover, 388 pages, English language. Priced competitively at $49.99.",Books,Textbooks,97,12,49.99,3.8
PSA-HLXSLG6M,WhiskerWorks Accessories Care,"WhiskerWorks Accessories with Natural ingredients, For large breeds, Low?odor. Priced competitively at $134.99.",Pet Supplies,Accessories,181,96,134.99,4.4
HPC-UI9KKHZL,MediSure Personal Care Daily,"MediSure Personal Care with CE?marked, Easy?read display, Includes carrying case. Priced competitively at $53.90.",Health,Personal Care,178,81,53.9,4.9
BT-B8C7X0H3,InkWave Textbooks Collection,"InkWave Textbooks with Hardcover, 320 pages, English language. Priced competitively at $74.95.",Books,Textbooks,138,81,74.95,3.9
BT-BOZD1AT7,Sunrise House Textbooks Edition,"Sunrise House Textbooks with Hardcover, 384 pages, English language. Priced competitively at $51.99.",Books,Textbooks,208,93,51.99,5
F-B-T076G5G7,Seraphine Bottoms Essential,"Seraphine Bottoms with Water?resistant, Regular fit, Dry clean recommended. Priced competitively at $148.99.",Fashion - Women,Bottoms,428,60,148.99,3.9
F-T-QXS6ESJ3,Mariner Tops Premium,"Mariner Tops with Breathable fabric, Regular fit, Dry clean recommended. Priced competitively at $10.99.",Fashion - Men,Tops,169,30,10.99,4.1
F-O-463SDYGF,Velvete Outerwear Signature,"Velvete Outerwear with 100% cotton, Slim fit, Hand wash cold. Priced competitively at $170.90.",Fashion - Women,Outerwear,165,41,170.9,3.6
SOTS-0AXYCELO,PeakPro Team Sports X,"PeakPro Team Sports with Anti?slip grip, Weather?resistant, Competition size. Priced competitively at $343.00.",Sports & Outdoors,Team Sports,257,100,343,4.3
SOC&-0VOTQTXH,AeroStride Camping & Hiking Lite,"AeroStride Camping & Hiking with Lightweight frame, Foldable for storage, Pro grade. Priced competitively at $753.95.",Sports & Outdoors,Camping & Hiking,126,97,753.95,3.6
PSA-6HTF4PYZ,PawJoy Aquatic Care,"PawJoy Aquatic with Vet?recommended, For small breeds, No artificial colours. Priced competitively at $20.99.",Pet Supplies,Aquatic,250,21,20.99,4.5
PSSP-YLAJAHCP,Nibble&Nest Small Pets Comfort,"Nibble&Nest Small Pets with Natural ingredients, Suitable for all breeds, No artificial colours. Priced competitively at $74.99.",Pet Supplies,Small Pets,358,18,74.99,3.9
ACC-N6Q7NC85,RoadSure Car Care Shield,"RoadSure Car Care with Heavy?duty steel, Compact storage case, Quick?dry. Priced competitively at $43.90.",Automotive,Car Care,68,93,43.9,4.3
BPHC-YTT3IMJ7,Velour Hair Care Glow,"Velour Hair Care with Dermatologist?tested, For all skin types, Argan oil. Priced competitively at $196.99.",Beauty & Personal Care,Hair Care,371,107,196.99,4
BF-QY5IBPT1,Maple Press Fiction Series,"Maple Press Fiction with Paperback, 506 pages, English language. Priced competitively at $14.99.",Books,Fiction,397,17,14.99,5
BC-KC856WPR,Sunrise House Children Vol.4,"Sunrise House Children with Hardcover, 717 pages, English language. Priced competitively at $11.90.",Books,Children,497,54,11.9,5
HFA-1R4KZ36U,PureAid First Aid Max,"PureAid First Aid with GMP certified, Easy?read display, Includes carrying case. Priced competitively at $27.00.",Health,First Aid,495,63,27,4
F-H-T3BNVBC2,Citrine Handbags Classic,"Citrine Handbags with Breathable fabric, Slim fit, Machine washable. Priced competitively at $71.95.",Fashion - Women,Handbags,300,102,71.95,4.1
F-B-8E9RIVH6,Velvete Bottoms Essential,"Velvete Bottoms with Four?way stretch, Slim fit, Hand wash cold. Priced competitively at $236.99.",Fashion - Women,Bottoms,282,51,236.99,4.3
F-A-Q46NOUHF,Asteria Accessories Weekend,"Asteria Accessories with Water?resistant, Slim fit, Machine washable. Priced competitively at $211.95.",Fashion - Women,Accessories,133,80,211.95,3.8
SOC-XYJ38XRG,FlexiFit Cycling X,"FlexiFit Cycling with Shock?absorbing, Indoor & outdoor use, Competition size. Priced competitively at $226.90.",Sports & Outdoors,Cycling,407,55,226.9,4.5
GGB-O4IZASNW,GoodGrain Beverages Organic,"GoodGrain Beverages with Gluten?free, Keto friendly, Imported. Priced competitively at $22.99.",Groceries & Gourmet,Beverages,341,88,22.99,4.8
ES-TKSZP7G7,Aureon A11 Max,"Aureon Smartphones with 193GB storage, 9GB RAM, USB?C. Priced competitively at $1025.95.",Electronics,Smartphones,268,29,1025.95,4.2
F-F-Y4X41DNT,Velvete Footwear Premium,"Velvete Footwear with 100% cotton, Relaxed fit, Machine washable. Priced competitively at $193.90.",Fashion - Women,Footwear,28,91,193.9,4.8
HKS&-67I6YUJ7,BrightNest Storage & Organization Set,"BrightNest Storage & Organization with Dishwasher?safe, Ergonomic handle, Easy to clean. Priced competitively at $161.00.",Home & Kitchen,Storage & Organization,350,45,161,4.6
EC-U4YTN02Y,Aureon Z25 Mirrorless,"Aureon Cameras with 445GB storage, 9GB RAM, Bluetooth 5.3. Priced competitively at $1442.95.",Electronics,Cameras,40,74,1442.95,3.9
SOFE-W2QITNGV,PeakPro Fitness Equipment Pro,"PeakPro Fitness Equipment with Sweat?wicking, Foldable for storage, Beginner friendly. Priced competitively at $320.95.",Sports & Outdoors,Fitness Equipment,194,20,320.95,4.2
HKB-LDALMJEG,SwiftClean Bedding Deluxe,"SwiftClean Bedding with BPA?free, Ergonomic handle, Includes user guide. Priced competitively at $43.90.",Home & Kitchen,Bedding,229,81,43.9,3.9
HKB-KND669UG,Homely Bedding Set,"Homely Bedding with BPA?free, Ergonomic handle, Includes user guide. Priced competitively at $147.00.",Home & Kitchen,Bedding,194,31,147,4.4
BPF-N7ZRWQEA,PureGlow Fragrances Hydra,"PureGlow Fragrances with Cruelty?free, For dry skin, Argan oil. Priced competitively at $93.00.",Beauty & Personal Care,Fragrances,202,52,93,4.5
F-F-VZRGOL0W,Citrine Footwear Premium,"Citrine Footwear with Four?way stretch, Slim fit, Hand wash cold. Priced competitively at $385.90.",Fashion - Women,Footwear,495,83,385.9,4.3
HKHD-A07H23C4,SwiftClean Home Decor Plus,"SwiftClean Home Decor with BPA?free, Ergonomic handle, Heat?resistant up to 230°C. Priced competitively at $46.90.",Home & Kitchen,Home Decor,407,62,46.9,3.9
F-B-C9ROS7YT,AxisWear Bottoms Active,"AxisWear Bottoms with 100% cotton, Regular fit, Machine washable. Priced competitively at $49.90.",Fashion - Men,Bottoms,404,56,49.9,4
GGPS-8L2DDH0U,VitaBurst Pantry Staples Premium,"VitaBurst Pantry Staples with Low sugar, Vegan friendly, Imported. Priced competitively at $10.99.",Groceries & Gourmet,Pantry Staples,352,83,10.99,3.5
TGST-RK7D30MM,BrainSpark STEM Toys Starter,"BrainSpark STEM Toys with Ages 8+, Family game night, Batteries included. Priced competitively at $214.90.",Toys & Games,STEM Toys,401,36,214.9,3.8
HFA-AMD270ST,VitalEdge First Aid Plus,"VitalEdge First Aid with CE?marked, Easy?read display, Includes carrying case. Priced competitively at $20.00.",Health,First Aid,169,81,20,4.2
TGBG-05QPAHKZ,FunFoundry Board Games Starter,"FunFoundry Board Games with Ages 12+, STEM learning, No batteries required. Priced competitively at $32.95.",Toys & Games,Board Games,407,18,32.95,3.6
F-T-8LNOEMQG,Opal&Oak Tops Signature,"Opal&Oak Tops with Four?way stretch, Relaxed fit, Dry clean recommended. Priced competitively at $78.00.",Fashion - Women,Tops,344,100,78,3.9
HKV&-ENFNVUPR,ChefMate Vacuum & Cleaning Essential,"ChefMate Vacuum & Cleaning with Non?stick, Energy?efficient, Includes user guide. Priced competitively at $103.99.",Home & Kitchen,Vacuum & Cleaning,275,98,103.99,5
AEA-BMAE38SR,CleanRide Exterior Accessories Care,"CleanRide Exterior Accessories with Microfiber material, Low?odor, 12?month warranty. Priced competitively at $40.00.",Automotive,Exterior Accessories,350,72,40,3.8
AIA-BIK2U1RS,RoadSure Interior Accessories Essential,"RoadSure Interior Accessories with Microfiber material, Low?odor, Meets OEM specs. Priced competitively at $17.99.",Automotive,Interior Accessories,293,24,17.99,4.1
HFA-K9QM3P91,VitalEdge First Aid Max,"VitalEdge First Aid with Clinically tested, Portable design, Latex?free. Priced competitively at $37.95.",Health,First Aid,121,36,37.95,4.7
F-O-FHHCMKTL,Velvete Outerwear Signature,"Velvete Outerwear with 100% cotton, Regular fit, Hand wash cold. Priced competitively at $456.95.",Fashion - Women,Outerwear,360,47,456.95,4.1
ES-FLI4OFWW,Cresta Watch X 5,"Cresta Smartwatches with 102GB storage, 14GB RAM, Bluetooth 5.3. Priced competitively at $768.90.",Electronics,Smartwatches,192,67,768.9,4.5
HPC-LA100QXM,PureAid Personal Care Care,"PureAid Personal Care with CE?marked, Once?daily usage, Child?safe cap. Priced competitively at $62.00.",Health,Personal Care,32,111,62,3.9
F-F-E4261BW4,Cobalt Lane Footwear Signature,"Cobalt Lane Footwear with Breathable fabric, Slim fit, Hand wash cold. Priced competitively at $316.00.",Fashion - Men,Footwear,8,25,316,4.1
EM-55DMCXXB,"Cresta Crystal 26""","Cresta Monitors with 283GB storage, 14GB RAM, Bluetooth 5.3. Priced competitively at $316.90.",Electronics,Monitors,320,49,316.9,4.1
SOTS-AZ39PECN,SummitGear Team Sports Lite,"SummitGear Team Sports with Lightweight frame, Indoor & outdoor use, Pro grade. Priced competitively at $28.90.",Sports & Outdoors,Team Sports,374,113,28.9,3.5
F-B-TAXP0WFO,Velvete Bottoms Classic,"Velvete Bottoms with 100% cotton, Regular fit, Machine washable. Priced competitively at $36.90.",Fashion - Women,Bottoms,351,66,36.9,4.3
BC&-JDTVV2Y4,InkWave Comics & Manga Edition,"InkWave Comics & Manga with Paperback, 710 pages, English language. Priced competitively at $17.95.",Books,Comics & Manga,337,48,17.95,4.1
PSC-RERVT997,PawJoy Cat Grain?Free,"PawJoy Cat with Grain?free, For large breeds, Low?odor. Priced competitively at $203.00.",Pet Supplies,Cat,67,59,203,4.5
BPF-CJBC2SWS,Lumina Fragrances Strength,"Lumina Fragrances with Cruelty?free, For all skin types, Hyaluronic acid. Priced competitively at $376.99.",Beauty & Personal Care,Fragrances,212,64,376.99,3.8
F-T-LV1XXLP8,Stone&Co Tops Signature,"Stone&Co Tops with 100% cotton, Slim fit, Dry clean recommended. Priced competitively at $41.90.",Fashion - Men,Tops,122,17,41.9,4.2
BF-ZF8S2ZGE,Maple Press Fiction Edition,"Maple Press Fiction with Paperback, 210 pages, English language. Priced competitively at $17.90.",Books,Fiction,399,44,17.9,5
TGAF-RSB4GF16,KidLabs Action Figures Starter,"KidLabs Action Figures with Ages 8+, STEM learning, Includes instructions. Priced competitively at $66.00.",Toys & Games,Action Figures,345,102,66,4.7
SOFE-74T60PLO,AeroStride Fitness Equipment Elite,"AeroStride Fitness Equipment with Anti?slip grip, Indoor & outdoor use, Competition size. Priced competitively at $481.95.",Sports & Outdoors,Fitness Equipment,368,50,481.95,4.6
F-D-298CQK4L,Velvete Dresses Essential,"Velvete Dresses with Four?way stretch, Relaxed fit, Dry clean recommended. Priced competitively at $214.99.",Fashion - Women,Dresses,283,68,214.99,4.5
SOTS-1IAOIM45,AeroStride Team Sports X,"AeroStride Team Sports with Lightweight frame, Foldable for storage, Pro grade. Priced competitively at $138.95.",Sports & Outdoors,Team Sports,486,52,138.95,4.2
HPC-89FKBI4O,PureAid Personal Care Care,"PureAid Personal Care with Clinically tested, Once?daily usage, Latex?free. Priced competitively at $9.90.",Health,Personal Care,458,57,9.9,3.6
BPF-8IJL2Z0L,PureGlow Fragrances Calm,"PureGlow Fragrances with Dermatologist?tested, For sensitive skin, Hyaluronic acid. Priced competitively at $36.99.",Beauty & Personal Care,Fragrances,139,39,36.99,4.4
BF-OT8HLJEF,NorthStar Fiction Collection,"NorthStar Fiction with Paperback, 400 pages, English language. Priced competitively at $11.90.",Books,Fiction,351,48,11.9,4.5
BPS-BK3G84UT,PureGlow Skincare Strength,"PureGlow Skincare with Dermatologist?tested, For sensitive skin, Vitamin C. Priced competitively at $193.00.",Beauty & Personal Care,Skincare,48,69,193,3.7
ES-Y7DV7C9H,Voltiva S9 Max,"Voltiva Smartphones with 497GB storage, 16GB RAM, USB?C. Priced competitively at $1443.90.",Electronics,Smartphones,330,66,1443.9,4.3
ACC-BYGHGK5B,CleanRide Car Care Shield,"CleanRide Car Care with All?season formula, Low?odor, 12?month warranty. Priced competitively at $25.95.",Automotive,Car Care,317,88,25.95,4
AT&-KEH5SW22,AutoZen Tools & Equipment Pro,"AutoZen Tools & Equipment with Microfiber material, Compact storage case, Quick?dry. Priced competitively at $678.95.",Automotive,Tools & Equipment,195,110,678.95,4.1
PSA-VB3K3QMV,PawJoy Aquatic Natural,"PawJoy Aquatic with Vet?recommended, Suitable for all breeds, Low?odor. Priced competitively at $114.90.",Pet Supplies,Aquatic,119,30,114.9,3.8
SOC-42M44GV3,AeroStride Cycling X,"AeroStride Cycling with Anti?slip grip, Foldable for storage, Competition size. Priced competitively at $647.99.",Sports & Outdoors,Cycling,357,55,647.99,4.3
BPGT-GBCVARLW,HerbaCare Grooming Tools Matte,"HerbaCare Grooming Tools with Sulfate?free, For sensitive skin, Niacinamide. Priced competitively at $233.95.",Beauty & Personal Care,Grooming Tools,412,26,233.95,4.2
ES-8N7ODKEF,MobiCore A11 Max,"MobiCore Smartphones with 396GB storage, 9GB RAM, Wi?Fi 6. Priced competitively at $555.90.",Electronics,Smartphones,485,65,555.9,4.5
GGHF-E088O98B,MorningMills Health Foods Value,"MorningMills Health Foods with Low sugar, Keto friendly, Locally sourced. Priced competitively at $76.95.",Groceries & Gourmet,Health Foods,308,50,76.95,3.2
AIA-9G5DZX5Q,RoadSure Interior Accessories Essential,"RoadSure Interior Accessories with Microfiber material, Universal fit, Quick?dry. Priced competitively at $72.99.",Automotive,Interior Accessories,135,36,72.99,4.2
ES-MN32U1IQ,Voltiva Z10 Lite,"Voltiva Smartphones with 81GB storage, 8GB RAM, Bluetooth 5.3. Priced competitively at $836.95.",Electronics,Smartphones,409,118,836.95,4.3
HKC-C79M96ZP,ChefMate Cookware,"ChefMate Cookware with Dishwasher?safe, Ergonomic handle, Easy to clean. Priced competitively at $116.95.",Home & Kitchen,Cookware,334,31,116.95,3.9
SOC&-IBU4FMPK,PeakPro Camping & Hiking Core,"PeakPro Camping & Hiking with Shock?absorbing, Indoor & outdoor use, Beginner friendly. Priced competitively at $243.00.",Sports & Outdoors,Camping & Hiking,338,90,243,3.9
EC-2Q6JXNNN,Aureon Z19 DSLR,"Aureon Cameras with 198GB storage, 7GB RAM, USB?C. Priced competitively at $577.00.",Electronics,Cameras,95,67,577,4.6
HS-8VT43PT5,CarePlus Supplements Care,"CarePlus Supplements with GMP certified, Easy?read display, Child?safe cap. Priced competitively at $14.00.",Health,Supplements,243,83,14,4.3
HKS&-62YWE1G9,BrightNest Storage & Organization Plus,"BrightNest Storage & Organization with BPA?free, Ergonomic handle, Heat?resistant up to 230°C. Priced competitively at $175.99.",Home & Kitchen,Storage & Organization,497,37,175.99,4.3
TGBG-L03DUT4S,KidLabs Board Games Creative,"KidLabs Board Games with Ages 12+, Solo or group play, Batteries included. Priced competitively at $198.90.",Toys & Games,Board Games,469,11,198.9,4
PSSP-V177UDKT,WhiskerWorks Small Pets Care,"WhiskerWorks Small Pets with Natural ingredients, For large breeds, High?protein. Priced competitively at $17.90.",Pet Supplies,Small Pets,176,62,17.9,4.1
EH-O5YBRJNM,NovaPulse Quiet 200,"NovaPulse Headphones with 223GB storage, 8GB RAM, NFC support. Priced competitively at $141.90.",Electronics,Headphones,406,48,141.9,4.8
BPM-0VDP6ORS,Velour Makeup Matte,"Velour Makeup with Dermatologist?tested, For dry skin, Argan oil. Priced competitively at $192.95.",Beauty & Personal Care,Makeup,191,115,192.95,4.9
BPGT-5HCBBMHN,AquaDerm Grooming Tools Repair,"AquaDerm Grooming Tools with Cruelty?free, For all skin types, Vitamin C. Priced competitively at $211.99.",Beauty & Personal Care,Grooming Tools,237,74,211.99,4.4
SOC-VMF60YKN,AeroStride Cycling Lite,"AeroStride Cycling with Sweat?wicking, Foldable for storage, Beginner friendly. Priced competitively at $577.95.",Sports & Outdoors,Cycling,83,119,577.95,3.3
GGS-58YREG2I,VitaBurst Snacks Organic,"VitaBurst Snacks with High fibre, Keto friendly, Imported. Priced competitively at $9.95.",Groceries & Gourmet,Snacks,311,113,9.95,3.7
TGST-QY3ODSX4,BrainSpark STEM Toys Explorer,"BrainSpark STEM Toys with Ages 36, Solo or group play, Includes instructions. Priced competitively at $243.95.",Toys & Games,STEM Toys,191,81,243.95,3.9
ACC-JZ6KF162,TorquePro Car Care Essential,"TorquePro Car Care with Heavy?duty steel, Compact storage case, Quick?dry. Priced competitively at $51.00.",Automotive,Car Care,410,113,51,3.8
F-H-JPNBZUG0,Opal&Oak Handbags Premium,"Opal&Oak Handbags with Four?way stretch, Relaxed fit, Hand wash cold. Priced competitively at $109.99.",Fashion - Women,Handbags,113,97,109.99,3.5
BPGT-00U686XI,PureGlow Grooming Tools Repair,"PureGlow Grooming Tools with Sulfate?free, For oily skin, Niacinamide. Priced competitively at $37.99.",Beauty & Personal Care,Grooming Tools,114,105,37.99,4
F-B-BWUWQHEY,Asteria Bottoms Active,"Asteria Bottoms with Breathable fabric, Regular fit, Machine washable. Priced competitively at $133.95.",Fashion - Women,Bottoms,271,48,133.95,3.5
F-F-5GCL9LCQ,Velvete Footwear Premium,"Velvete Footwear with Breathable fabric, Relaxed fit, Machine washable. Priced competitively at $491.95.",Fashion - Women,Footwear,107,107,491.95,4.6
ACC-PRAT0861,CleanRide Car Care Shield,"CleanRide Car Care with Heavy?duty steel, Universal fit, Meets OEM specs. Priced competitively at $19.95.",Automotive,Car Care,271,34,19.95,4.2
HPC-VG3KK0VM,PureAid Personal Care Advanced,"PureAid Personal Care with GMP certified, Easy?read display, Child?safe cap. Priced competitively at $24.99.",Health,Personal Care,454,97,24.99,4.2
F-O-I9HASEZ2,Asteria Outerwear Essential,"Asteria Outerwear with 100% cotton, Relaxed fit, Machine washable. Priced competitively at $111.95.",Fashion - Women,Outerwear,192,91,111.95,4.2
GGB-PNTRFZWK,GoodGrain Beverages Organic,"GoodGrain Beverages with High fibre, Keto friendly, Locally sourced. Priced competitively at $29.99.",Groceries & Gourmet,Beverages,338,22,29.99,4.7
TGBS-2RV239MO,BrainSpark Building Sets Starter,"BrainSpark Building Sets with Ages 12+, Family game night, No batteries required. Priced competitively at $128.99.",Toys & Games,Building Sets,82,15,128.99,3.4
SOFE-YFDS0DJI,TrailForge Fitness Equipment X,"TrailForge Fitness Equipment with Anti?slip grip, Weather?resistant, Beginner friendly. Priced competitively at $26.99.",Sports & Outdoors,Fitness Equipment,500,47,26.99,3.9
HKSA-L0D1B4XG,Nordica Small Appliances,"Nordica Small Appliances with Dishwasher?safe, Compact design, Easy to clean. Priced competitively at $673.00.",Home & Kitchen,Small Appliances,183,66,673,4.5
BPS-YRP5GE09,Velour Skincare Glow,"Velour Skincare with Dermatologist?tested, For oily skin, Argan oil. Priced competitively at $96.95.",Beauty & Personal Care,Skincare,432,30,96.95,4.1
BC&-5506RR5P,InkWave Comics & Manga Series,"InkWave Comics & Manga with Paperback, 526 pages, English language. Priced competitively at $11.95.",Books,Comics & Manga,32,43,11.95,4.2
PSA-XXF36WA7,HappyPaws Accessories Natural,"HappyPaws Accessories with Grain?free, For small breeds, No artificial colours. Priced competitively at $13.90.",Pet Supplies,Accessories,258,118,13.9,4.1
HKS&-STN3CPUD,Nordica Storage & Organization Set,"Nordica Storage & Organization with Dishwasher?safe, Ergonomic handle, Easy to clean. Priced competitively at $53.00.",Home & Kitchen,Storage & Organization,255,67,53,3.7
TGBS-8W6UXQM3,PlaySmith Building Sets Family,"PlaySmith Building Sets with Ages 36, Family game night, Batteries included. Priced competitively at $143.99.",Toys & Games,Building Sets,418,38,143.99,5
BT-1HM38KSZ,NorthStar Textbooks Series,"NorthStar Textbooks with Hardcover, 289 pages, English language. Priced competitively at $90.00.",Books,Textbooks,23,31,90,3.5
BN-ZDO74V1Q,BlueCedar Non?Fiction Edition,"BlueCedar Non?Fiction with Paperback, 690 pages, English language. Priced competitively at $18.95.",Books,Non?Fiction,337,85,18.95,4.2
PSD-726YG3DX,Nibble&Nest Dog Comfort,"Nibble&Nest Dog with Natural ingredients, For large breeds, No artificial colours. Priced competitively at $137.95.",Pet Supplies,Dog,310,51,137.95,3.8
F-A-EV5S4TL0,AxisWear Accessories Essential,"AxisWear Accessories with Breathable fabric, Regular fit, Machine washable. Priced competitively at $190.00.",Fashion - Men,Accessories,283,90,190,4.2
BC-Z1UU7ZY6,BlueCedar Children Collection,"BlueCedar Children with Paperback, 715 pages, English language. Priced competitively at $26.90.",Books,Children,273,46,26.9,4.5
EM-9YFC2HTM,"Voltiva Crystal 26""","Voltiva Monitors with 379GB storage, 14GB RAM, Wi?Fi 6. Priced competitively at $258.99.",Electronics,Monitors,231,23,258.99,3.9
PSA-O2Y8B0H5,HappyPaws Aquatic Comfort,"HappyPaws Aquatic with Natural ingredients, For large breeds, Low?odor. Priced competitively at $243.99.",Pet Supplies,Aquatic,440,66,243.99,4.6
F-O-Q9C80EBK,Velvete Outerwear Premium,"Velvete Outerwear with Breathable fabric, Relaxed fit, Hand wash cold. Priced competitively at $364.90.",Fashion - Women,Outerwear,135,26,364.9,3.4
ET-V1W4K2TC,"Aureon Tab 10""","Aureon Tablets with 330GB storage, 5GB RAM, Wi?Fi 6. Priced competitively at $716.90.",Electronics,Tablets,362,50,716.9,3.2
HKB-LK8WRU1X,SwiftClean Bedding Essential,"SwiftClean Bedding with Stainless steel, Compact design, Includes user guide. Priced competitively at $58.90.",Home & Kitchen,Bedding,58,95,58.9,4
GGHF-N2EJ0AS1,GoodGrain Health Foods Value,"GoodGrain Health Foods with High fibre, Keto friendly, Locally sourced. Priced competitively at $89.90.",Groceries & Gourmet,Health Foods,263,112,89.9,3.7
F-A-TWHWHY4H,Velvete Accessories Signature,"Velvete Accessories with Water?resistant, Relaxed fit, Machine washable. Priced competitively at $15.99.",Fashion - Women,Accessories,424,99,15.99,4.2
HMD-CGJC36OQ,VitalEdge Medical Devices Plus,"VitalEdge Medical Devices with GMP certified, Portable design, Includes carrying case. Priced competitively at $23.00.",Health,Medical Devices,207,65,23,4
GGHF-7D2KD1PO,GoodGrain Health Foods Value,"GoodGrain Health Foods with Gluten?free, Suitable for vegetarians, Locally sourced. Priced competitively at $6.99.",Groceries & Gourmet,Health Foods,338,13,6.99,4.6
BPF-K585X8A5,UrbanMan Fragrances Repair,"UrbanMan Fragrances with Cruelty?free, For all skin types, Niacinamide. Priced competitively at $301.00.",Beauty & Personal Care,Fragrances,72,25,301,4.7
SOC-H4GG2447,AeroStride Cycling Elite,"AeroStride Cycling with Lightweight frame, Weather?resistant, Competition size. Priced competitively at $205.90.",Sports & Outdoors,Cycling,281,69,205.9,4.3
HKB-EXDW6LQW,Nordica Bedding Essential,"Nordica Bedding with Stainless steel, Compact design, Easy to clean. Priced competitively at $32.95.",Home & Kitchen,Bedding,156,98,32.95,3.8
BPS-XJMYLRQ1,UrbanMan Skincare Calm,"UrbanMan Skincare with Dermatologist?tested, For sensitive skin, Vitamin C. Priced competitively at $73.90.",Beauty & Personal Care,Skincare,249,80,73.9,3.9
F-B-5CCASBUO,Mariner Bottoms Weekend,"Mariner Bottoms with Water?resistant, Relaxed fit, Machine washable. Priced competitively at $174.90.",Fashion - Men,Bottoms,302,37,174.9,4.6
F-F-SDNAI89Y,Velvete Footwear Active,"Velvete Footwear with Breathable fabric, Slim fit, Machine washable. Priced competitively at $90.00.",Fashion - Women,Footwear,387,75,90,3.9
BPGT-RMHRCNBH,UrbanMan Grooming Tools Calm,"UrbanMan Grooming Tools with Cruelty?free, For all skin types, Vitamin C. Priced competitively at $233.90.",Beauty & Personal Care,Grooming Tools,464,111,233.9,3.9
GGPS-TGXNX4SN,MorningMills Pantry Staples,"MorningMills Pantry Staples with Gluten?free, Vegan friendly, Imported. Priced competitively at $6.00.",Groceries & Gourmet,Pantry Staples,464,38,6,4.5
AT&-PISKFFV3,SteelLine Tools & Equipment Ultimate,"SteelLine Tools & Equipment with All?season formula, Compact storage case, Quick?dry. Priced competitively at $682.99.",Automotive,Tools & Equipment,338,39,682.99,3.9
AT&-IEVES6FF,CleanRide Tools & Equipment Pro,"CleanRide Tools & Equipment with Heavy?duty steel, Compact storage case, Quick?dry. Priced competitively at $122.90.",Automotive,Tools & Equipment,472,33,122.9,4.4
BF-VQRHOFU1,Maple Press Fiction Vol.4,"Maple Press Fiction with Hardcover, 644 pages, English language. Priced competitively at $43.00.",Books,Fiction,319,94,43,4
BF-H4SPFDRW,BlueCedar Fiction Series,"BlueCedar Fiction with Paperback, 275 pages, English language. Priced competitively at $14.95.",Books,Fiction,19,110,14.95,4.2
GGS-P5ZP7R1M,RiverLeaf Snacks,"RiverLeaf Snacks with No artificial flavours, Vegan friendly, Locally sourced. Priced competitively at $34.99.",Groceries & Gourmet,Snacks,411,104,34.99,4.8
F-A-5OGZ2UEA,Mariner Accessories Signature,"Mariner Accessories with Four?way stretch, Slim fit, Hand wash cold. Priced competitively at $140.99.",Fashion - Men,Accessories,335,36,140.99,3.8
HKSA-PNJY1O2R,Nordica Small Appliances Plus,"Nordica Small Appliances with Stainless steel, Energy?efficient, Easy to clean. Priced competitively at $282.00.",Home & Kitchen,Small Appliances,189,81,282,3.9
HFA-28DS22WY,MediSure First Aid Care,"MediSure First Aid with CE?marked, Portable design, Includes carrying case. Priced competitively at $54.99.",Health,First Aid,26,30,54.99,4.1
HKSA-JNV07OXK,CasaPure Small Appliances Set,"CasaPure Small Appliances with Non?stick, Energy?efficient, Easy to clean. Priced competitively at $317.95.",Home & Kitchen,Small Appliances,493,86,317.95,4.8
ACC-2SZWYMX9,RoadSure Car Care Pro,"RoadSure Car Care with Microfiber material, Compact storage case, Quick?dry. Priced competitively at $29.00.",Automotive,Car Care,44,45,29,4.4
TGST-T0UUM3I8,PlaySmith STEM Toys Starter,"PlaySmith STEM Toys with Ages 36, Solo or group play, Includes instructions. Priced competitively at $152.99.",Toys & Games,STEM Toys,232,61,152.99,3.9
PSD-853UY8U1,PawJoy Dog Care,"PawJoy Dog with Grain?free, For large breeds, High?protein. Priced competitively at $121.00.",Pet Supplies,Dog,387,53,121,4.1
BF-YIL8SA3I,Maple Press Fiction Edition,"Maple Press Fiction with Paperback, 362 pages, English language. Priced competitively at $24.00.",Books,Fiction,47,61,24,3.9
F-B-Y6RH05HH,Velvete Bottoms Weekend,"Velvete Bottoms with Four?way stretch, Regular fit, Machine washable. Priced competitively at $51.00.",Fashion - Women,Bottoms,127,117,51,3.5
HKC-1TBRWR96,BrightNest Cookware Set,"BrightNest Cookware with Stainless steel, Compact design, Includes user guide. Priced competitively at $247.95.",Home & Kitchen,Cookware,444,45,247.95,3
BN-SOYG9ZQY,NorthStar Non?Fiction Series,"NorthStar Non?Fiction with Paperback, 568 pages, English language. Priced competitively at $11.95.",Books,Non?Fiction,6,96,11.95,4.3
HKB-JJ8MGPP1,ChefMate Bedding Plus,"ChefMate Bedding with Non?stick, Energy?efficient, Heat?resistant up to 230°C. Priced competitively at $93.00.",Home & Kitchen,Bedding,186,119,93,3.8
SOFE-4H20RAPE,SummitGear Fitness Equipment Lite,"SummitGear Fitness Equipment with Anti?slip grip, Weather?resistant, Pro grade. Priced competitively at $837.90.",Sports & Outdoors,Fitness Equipment,457,118,837.9,4.5
F-O-YC3RWQMM,AxisWear Outerwear Classic,"AxisWear Outerwear with 100% cotton, Slim fit, Machine washable. Priced competitively at $414.99.",Fashion - Men,Outerwear,286,81,414.99,4.5
F-O-XT9KLS1Q,Seraphine Outerwear Signature,"Seraphine Outerwear with Four?way stretch, Slim fit, Dry clean recommended. Priced competitively at $432.90.",Fashion - Women,Outerwear,40,58,432.9,4.1
BPHC-WO6CMLXZ,PureGlow Hair Care Calm,"PureGlow Hair Care with Sulfate?free, For oily skin, Argan oil. Priced competitively at $139.00.",Beauty & Personal Care,Hair Care,309,92,139,3.5
BPHC-X7ZCGDC5,UrbanMan Hair Care Repair,"UrbanMan Hair Care with Dermatologist?tested, For oily skin, Vitamin C. Priced competitively at $202.90.",Beauty & Personal Care,Hair Care,280,16,202.9,4.7
HKB-LIKWE4BX,SwiftClean Bedding Deluxe,"SwiftClean Bedding with Stainless steel, Energy?efficient, Easy to clean. Priced competitively at $167.99.",Home & Kitchen,Bedding,440,51,167.99,4.5
BPGT-WUSXLMT2,UrbanMan Grooming Tools Calm,"UrbanMan Grooming Tools with Sulfate?free, For oily skin, Niacinamide. Priced competitively at $36.95.",Beauty & Personal Care,Grooming Tools,226,49,36.95,3.9
BPM-QA78RAPK,Velour Makeup Matte,"Velour Makeup with Cruelty?free, For oily skin, Argan oil. Priced competitively at $6.90.",Beauty & Personal Care,Makeup,118,111,6.9,4.6
SOC&-JPI163YK,FlexiFit Camping & Hiking Elite,"FlexiFit Camping & Hiking with Anti?slip grip, Weather?resistant, Beginner friendly. Priced competitively at $507.95.",Sports & Outdoors,Camping & Hiking,380,78,507.95,4.2
HKSA-WJWGABTG,SwiftClean Small Appliances Deluxe,"SwiftClean Small Appliances with Dishwasher?safe, Ergonomic handle, Includes user guide. Priced competitively at $93.99.",Home & Kitchen,Small Appliances,52,46,93.99,4.1
BPS-2RNZBC1F,PureGlow Skincare Matte,"PureGlow Skincare with Cruelty?free, For all skin types, Argan oil. Priced competitively at $123.00.",Beauty & Personal Care,Skincare,136,109,123,4.8
BPHC-E1I1P0BQ,PureGlow Hair Care Hydra,"PureGlow Hair Care with Cruelty?free, For oily skin, Niacinamide. Priced competitively at $215.00.",Beauty & Personal Care,Hair Care,394,22,215,3.1
F-T-ERKMBY9I,Seraphine Tops Signature,"Seraphine Tops with 100% cotton, Regular fit, Hand wash cold. Priced competitively at $113.99.",Fashion - Women,Tops,222,51,113.99,4
BF-YF1IRYM8,Maple Press Fiction Vol.1,"Maple Press Fiction with Paperback, 289 pages, English language. Priced competitively at $20.90.",Books,Fiction,388,90,20.9,4.5
AIA-AN0JBZUT,CleanRide Interior Accessories Ultimate,"CleanRide Interior Accessories with Heavy?duty steel, Universal fit, Quick?dry. Priced competitively at $68.00.",Automotive,Interior Accessories,250,34,68,4.3
F-B-FTQ3TQ1S,Seraphine Bottoms Signature,"Seraphine Bottoms with Four?way stretch, Relaxed fit, Machine washable. Priced competitively at $171.00.",Fashion - Women,Bottoms,375,33,171,4.6
F-H-Y1FKOLDX,Velvete Handbags Signature,"Velvete Handbags with Breathable fabric, Regular fit, Machine washable. Priced competitively at $61.95.",Fashion - Women,Handbags,22,116,61.95,3.8
SOFE-XNRWVBHZ,TrailForge Fitness Equipment X,"TrailForge Fitness Equipment with Lightweight frame, Weather?resistant, Competition size. Priced competitively at $499.99.",Sports & Outdoors,Fitness Equipment,6,36,499.99,3.7
ET-CWT04CHS,"MobiCore Pad 13""","MobiCore Tablets with 182GB storage, 12GB RAM, NFC support. Priced competitively at $838.95.",Electronics,Tablets,51,102,838.95,3.4
PSC-ODWMQX5G,Nibble&Nest Cat Care,"Nibble&Nest Cat with Vet?recommended, For large breeds, Low?odor. Priced competitively at $142.90.",Pet Supplies,Cat,92,80,142.9,3.9
AEA-1P0VUH17,TorquePro Exterior Accessories Shield,"TorquePro Exterior Accessories with Microfiber material, Compact storage case, 12?month warranty. Priced competitively at $348.00.",Automotive,Exterior Accessories,130,56,348,4.4
ES-KH4A3YJT,NovaPulse S7 Pro,"NovaPulse Smartphones with 83GB storage, 11GB RAM, USB?C. Priced competitively at $1673.99.",Electronics,Smartphones,284,83,1673.99,4.4
F-F-3DO7002G,Stone&Co Footwear Premium,"Stone&Co Footwear with 100% cotton, Relaxed fit, Dry clean recommended. Priced competitively at $345.90.",Fashion - Men,Footwear,422,98,345.9,4.1
F-T-7M5P7E10,UrbanCut Tops Classic,"UrbanCut Tops with Water?resistant, Regular fit, Hand wash cold. Priced competitively at $102.95.",Fashion - Men,Tops,434,87,102.95,4.7
PSD-ZFY981UD,AquaScape Dog Care,"AquaScape Dog with Grain?free, Suitable for all breeds, No artificial colours. Priced competitively at $69.90.",Pet Supplies,Dog,221,47,69.9,4
F-D-JOPZ1RHO,Seraphine Dresses Active,"Seraphine Dresses with Breathable fabric, Regular fit, Machine washable. Priced competitively at $201.99.",Fashion - Women,Dresses,292,35,201.99,2.9
F-A-ONGMX1GM,UrbanCut Accessories Weekend,"UrbanCut Accessories with Water?resistant, Relaxed fit, Machine washable. Priced competitively at $49.99.",Fashion - Men,Accessories,420,112,49.99,3.7
ACC-F0D0IWF3,RoadSure Car Care Essential,"RoadSure Car Care with Microfiber material, Compact storage case, 12?month warranty. Priced competitively at $179.90.",Automotive,Car Care,147,11,179.9,3.8
ET-R0FZAUXB,"Voltiva Pad 12""","Voltiva Tablets with 209GB storage, 7GB RAM, USB?C. Priced competitively at $407.90.",Electronics,Tablets,87,17,407.9,4.8
GGB-A5XIN9DL,MorningMills Beverages Organic,"MorningMills Beverages with Gluten?free, Keto friendly, Locally sourced. Priced competitively at $4.00.",Groceries & Gourmet,Beverages,443,86,4,3.9
EC-AYMK99JC,Zenbyte Z55 Mirrorless,"Zenbyte Cameras with 481GB storage, 4GB RAM, USB?C. Priced competitively at $2287.00.",Electronics,Cameras,131,59,2287,4.1
F-F-8WWIIF86,Opal&Oak Footwear Signature,"Opal&Oak Footwear with Breathable fabric, Relaxed fit, Dry clean recommended. Priced competitively at $295.99.",Fashion - Women,Footwear,168,67,295.99,3.9
GGS-P61XUFCT,VitaBurst Snacks Family Pack,"VitaBurst Snacks with Low sugar, Vegan friendly, Locally sourced. Priced competitively at $32.00.",Groceries & Gourmet,Snacks,368,25,32,4.1
HS-P767J2DG,PureAid Supplements Daily,"PureAid Supplements with Clinically tested, Once?daily usage, Latex?free. Priced competitively at $140.95.",Health,Supplements,390,88,140.95,3.8
SOC&-E4QXGNRF,TrailForge Camping & Hiking Lite,"TrailForge Camping & Hiking with Shock?absorbing, Indoor & outdoor use, Pro grade. Priced competitively at $481.00.",Sports & Outdoors,Camping & Hiking,115,14,481,3.8
TGBG-G8PWY55P,GearBlocks Board Games Starter,"GearBlocks Board Games with Ages 12+, Family game night, No batteries required. Priced competitively at $137.90.",Toys & Games,Board Games,397,15,137.9,3.6
BT-Q55IT9BN,Sunrise House Textbooks Vol.2,"Sunrise House Textbooks with Paperback, 374 pages, English language. Priced competitively at $113.99.",Books,Textbooks,391,90,113.99,3.7
AT&-PWBSF3Q0,CleanRide Tools & Equipment Ultimate,"CleanRide Tools & Equipment with Heavy?duty steel, Low?odor, Meets OEM specs. Priced competitively at $680.00.",Automotive,Tools & Equipment,57,33,680,4.4
TGST-VZHQJY62,GearBlocks STEM Toys Advanced,"GearBlocks STEM Toys with Ages 8+, STEM learning, Includes instructions. Priced competitively at $76.99.",Toys & Games,STEM Toys,367,103,76.99,3.3
HFA-09WFTBGM,CarePlus First Aid Care,"CarePlus First Aid with GMP certified, Once?daily usage, Latex?free. Priced competitively at $45.99.",Health,First Aid,446,94,45.99,4.4
EM-EEHWJQ4T,"Zenbyte Edge 26""","Zenbyte Monitors with 316GB storage, 7GB RAM, Wi?Fi 6. Priced competitively at $431.95.",Electronics,Monitors,2,87,431.95,4
TGST-KW3HGBMF,GearBlocks STEM Toys Family,"GearBlocks STEM Toys with Ages 36, STEM learning, Includes instructions. Priced competitively at $22.99.",Toys & Games,STEM Toys,16,95,22.99,3.7
HKS&-VYV2GQU7,SwiftClean Storage & Organization Essential,"SwiftClean Storage & Organization with Stainless steel, Compact design, Easy to clean. Priced competitively at $197.90.",Home & Kitchen,Storage & Organization,47,108,197.9,3.9
TGBS-EZJSSZWD,BrainSpark Building Sets Advanced,"BrainSpark Building Sets with Ages 12+, Solo or group play, Batteries included. Priced competitively at $209.99.",Toys & Games,Building Sets,373,90,209.99,4
HPC-UW7WR0R3,Healio Personal Care Advanced,"Healio Personal Care with GMP certified, Portable design, Child?safe cap. Priced competitively at $34.00.",Health,Personal Care,452,88,34,4.2
SOFE-29OMUWAH,TrailForge Fitness Equipment Elite,"TrailForge Fitness Equipment with Anti?slip grip, Indoor & outdoor use, Beginner friendly. Priced competitively at $98.95.",Sports & Outdoors,Fitness Equipment,144,42,98.95,4.3
GGPS-LMY62XRW,Snackify Pantry Staples Family Pack,"Snackify Pantry Staples with High fibre, Vegan friendly, Imported. Priced competitively at $21.99.",Groceries & Gourmet,Pantry Staples,456,120,21.99,3.9
HS-TAUL62CF,CarePlus Supplements Daily,"CarePlus Supplements with Clinically tested, Once?daily usage, Latex?free. Priced competitively at $157.00.",Health,Supplements,430,13,157,4
BC&-JD5N3KSG,InkWave Comics & Manga Series,"InkWave Comics & Manga with Paperback, 386 pages, English language. Priced competitively at $11.99.",Books,Comics & Manga,191,110,11.99,4.5
AO&-G70S1F53,SteelLine Oils & Fluids Ultimate,"SteelLine Oils & Fluids with Heavy?duty steel, Universal fit, 12?month warranty. Priced competitively at $7.95.",Automotive,Oils & Fluids,480,76,7.95,4.1
TGP-5L6D10A1,PlaySmith Puzzles Family,"PlaySmith Puzzles with Ages 36, STEM learning, Includes instructions. Priced competitively at $12.00.",Toys & Games,Puzzles,327,36,12,4
F-F-FJAWSHML,UrbanCut Footwear Premium,"UrbanCut Footwear with Breathable fabric, Regular fit, Hand wash cold. Priced competitively at $187.95.",Fashion - Men,Footwear,72,100,187.95,4.4
BC-6BNDOZ6W,BlueCedar Children Vol.1,"BlueCedar Children with Hardcover, 544 pages, English language. Priced competitively at $21.99.",Books,Children,353,99,21.99,3.7
F-O-E37QQYZQ,Opal&Oak Outerwear Signature,"Opal&Oak Outerwear with Four?way stretch, Slim fit, Hand wash cold. Priced competitively at $116.99.",Fashion - Women,Outerwear,118,38,116.99,4.7
BPM-BRMQG1VE,PureGlow Makeup Glow,"PureGlow Makeup with Dermatologist?tested, For dry skin, Vitamin C. Priced competitively at $146.00.",Beauty & Personal Care,Makeup,52,61,146,4.9
F-O-IFRCHYP9,Stone&Co Outerwear Signature,"Stone&Co Outerwear with Breathable fabric, Relaxed fit, Dry clean recommended. Priced competitively at $204.95.",Fashion - Men,Outerwear,290,110,204.95,3.9
HKV&-VLDQLOVY,CasaPure Vacuum & Cleaning Plus,"CasaPure Vacuum & Cleaning with BPA?free, Compact design, Easy to clean. Priced competitively at $731.95.",Home & Kitchen,Vacuum & Cleaning,305,108,731.95,4.7
GGB-1XQKWQH5,VitaBurst Beverages Organic,"VitaBurst Beverages with Gluten?free, Keto friendly, Imported. Priced competitively at $4.90.",Groceries & Gourmet,Beverages,153,82,4.9,4.4
HKHD-C68AU9DK,ChefMate Home Decor Essential,"ChefMate Home Decor with BPA?free, Energy?efficient, Heat?resistant up to 230°C. Priced competitively at $10.95.",Home & Kitchen,Home Decor,15,40,10.95,3.6
TGAF-TXRGN74F,FunFoundry Action Figures Advanced,"FunFoundry Action Figures with Ages 12+, STEM learning, Includes instructions. Priced competitively at $97.95.",Toys & Games,Action Figures,446,95,97.95,4.2
HFA-XOQ2VPGS,VitalEdge First Aid Max,"VitalEdge First Aid with CE?marked, Easy?read display, Child?safe cap. Priced competitively at $47.90.",Health,First Aid,282,114,47.9,4.2
SOC&-4ISOTN9U,SummitGear Camping & Hiking Lite,"SummitGear Camping & Hiking with Lightweight frame, Indoor & outdoor use, Competition size. Priced competitively at $255.99.",Sports & Outdoors,Camping & Hiking,360,57,255.99,4.5
HPC-DR08CW2L,CarePlus Personal Care Advanced,"CarePlus Personal Care with Clinically tested, Once?daily usage, Child?safe cap. Priced competitively at $38.99.",Health,Personal Care,27,53,38.99,4.5
AO&-82KB700U,CleanRide Oils & Fluids Essential,"CleanRide Oils & Fluids with All?season formula, Low?odor, 12?month warranty. Priced competitively at $131.00.",Automotive,Oils & Fluids,31,90,131,4
HS-C2JWJJ0V,MediSure Supplements Advanced,"MediSure Supplements with Clinically tested, Once?daily usage, Latex?free. Priced competitively at $43.99.",Health,Supplements,465,85,43.99,4.2
AEA-GSB98V34,RoadSure Exterior Accessories Shield,"RoadSure Exterior Accessories with Microfiber material, Low?odor, Quick?dry. Priced competitively at $301.00.",Automotive,Exterior Accessories,385,62,301,4.2
BPHC-J3BQRR87,Lumina Hair Care Calm,"Lumina Hair Care with Cruelty?free, For oily skin, Niacinamide. Priced competitively at $121.00.",Beauty & Personal Care,Hair Care,119,58,121,3.9
BPGT-NLT8DTM4,Velour Grooming Tools Glow,"Velour Grooming Tools with Sulfate?free, For all skin types, Niacinamide. Priced competitively at $208.99.",Beauty & Personal Care,Grooming Tools,312,93,208.99,4.4
GGHF-SY9LAACO,VitaBurst Health Foods Family Pack,"VitaBurst Health Foods with Gluten?free, Vegan friendly, Locally sourced. Priced competitively at $31.90.",Groceries & Gourmet,Health Foods,268,23,31.9,3.9
HPC-D7X48WZE,VitalEdge Personal Care Advanced,"VitalEdge Personal Care with Clinically tested, Portable design, Includes carrying case. Priced competitively at $19.99.",Health,Personal Care,438,87,19.99,4.6
HKV&-7W7JP61L,Homely Vacuum & Cleaning,"Homely Vacuum & Cleaning with Dishwasher?safe, Compact design, Includes user guide. Priced competitively at $131.00.",Home & Kitchen,Vacuum & Cleaning,82,109,131,4.6
TGST-GC9HOXDT,BrainSpark STEM Toys Creative,"BrainSpark STEM Toys with Ages 36, Solo or group play, No batteries required. Priced competitively at $78.99.",Toys & Games,STEM Toys,220,37,78.99,4.1
HKC-6FX7XJZ6,Homely Cookware Set,"Homely Cookware with BPA?free, Compact design, Easy to clean. Priced competitively at $35.00.",Home & Kitchen,Cookware,294,10,35,4.1
TGBS-ET9MKB9X,FunFoundry Building Sets Advanced,"FunFoundry Building Sets with Ages 36, Family game night, Batteries included. Priced competitively at $137.99.",Toys & Games,Building Sets,187,78,137.99,4.4
SOC&-Z6WMDW0F,AeroStride Camping & Hiking Core,"AeroStride Camping & Hiking with Sweat?wicking, Weather?resistant, Pro grade. Priced competitively at $361.95.",Sports & Outdoors,Camping & Hiking,98,13,361.95,3.9
HKHD-8AMMZOHX,BrightNest Home Decor Deluxe,"BrightNest Home Decor with Non?stick, Energy?efficient, Heat?resistant up to 230°C. Priced competitively at $170.95.",Home & Kitchen,Home Decor,267,68,170.95,5
SOFE-Q7BZEGBL,FlexiFit Fitness Equipment Pro,"FlexiFit Fitness Equipment with Shock?absorbing, Foldable for storage, Beginner friendly. Priced competitively at $40.90.",Sports & Outdoors,Fitness Equipment,406,22,40.9,3.9
BF-CHM40OEY,Maple Press Fiction Edition,"Maple Press Fiction with Paperback, 226 pages, English language. Priced competitively at $39.99.",Books,Fiction,279,27,39.99,3.8
BPM-GNFIUE2W,AquaDerm Makeup Glow,"AquaDerm Makeup with Paraben?free, For all skin types, Argan oil. Priced competitively at $11.00.",Beauty & Personal Care,Makeup,192,109,11,5
HKC-VKY2REFJ,SwiftClean Cookware,"SwiftClean Cookware with Dishwasher?safe, Energy?efficient, Includes user guide. Priced competitively at $20.99.",Home & Kitchen,Cookware,230,62,20.99,4.2
HFA-PUG99W59,Healio First Aid Daily,"Healio First Aid with CE?marked, Portable design, Latex?free. Priced competitively at $43.99.",Health,First Aid,259,38,43.99,4.4
SOC-RF7BNHJW,AeroStride Cycling Lite,"AeroStride Cycling with Lightweight frame, Foldable for storage, Beginner friendly. Priced competitively at $54.99.",Sports & Outdoors,Cycling,455,107,54.99,4
BPS-ZVLHYL2L,Lumina Skincare Repair,"Lumina Skincare with Cruelty?free, For sensitive skin, Argan oil. Priced competitively at $121.99.",Beauty & Personal Care,Skincare,50,40,121.99,4.3
SOFE-F7QNEZW9,TrailForge Fitness Equipment Lite,"TrailForge Fitness Equipment with Lightweight frame, Weather?resistant, Beginner friendly. Priced competitively at $480.95.",Sports & Outdoors,Fitness Equipment,103,52,480.95,4.6
HKS&-5V2WWG84,Nordica Storage & Organization Pro,"Nordica Storage & Organization with BPA?free, Ergonomic handle, Heat?resistant up to 230°C. Priced competitively at $78.90.",Home & Kitchen,Storage & Organization,44,62,78.9,4.6
AT&-LU6VFUA9,RoadSure Tools & Equipment Ultimate,"RoadSure Tools & Equipment with Microfiber material, Low?odor, 12?month warranty. Priced competitively at $165.95.",Automotive,Tools & Equipment,20,70,165.95,4.2
ACC-1YOHMI9A,AutoZen Car Care Care,"AutoZen Car Care with All?season formula, Low?odor, 12?month warranty. Priced competitively at $73.90.",Automotive,Car Care,342,49,73.9,3.7
BT-G5WZAWNY,NorthStar Textbooks Vol.3,"NorthStar Textbooks with Paperback, 262 pages, English language. Priced competitively at $22.95.",Books,Textbooks,271,14,22.95,4
F-H-NQBNXZU1,Asteria Handbags Classic,"Asteria Handbags with Breathable fabric, Relaxed fit, Machine washable. Priced competitively at $912.00.",Fashion - Women,Handbags,70,52,912,4.8
GGB-MJYJCMRS,Snackify Breakfast Value,"Snackify Breakfast with High fibre, Vegan friendly, Imported. Priced competitively at $27.90.",Groceries & Gourmet,Breakfast,62,70,27.9,4
GGB-OG8CFEFF,GoodGrain Beverages Organic,"GoodGrain Beverages with No artificial flavours, Vegan friendly, Imported. Priced competitively at $8.95.",Groceries & Gourmet,Beverages,104,76,8.95,3.6
GGHF-PXKC5I8X,MorningMills Health Foods Premium,"MorningMills Health Foods with High fibre, Vegan friendly, Imported. Priced competitively at $90.95.",Groceries & Gourmet,Health Foods,210,84,90.95,3.9
AEA-INK4FK8W,RoadSure Exterior Accessories Essential,"RoadSure Exterior Accessories with Heavy?duty steel, Compact storage case, Meets OEM specs. Priced competitively at $191.00.",Automotive,Exterior Accessories,82,101,191,4.7
BPHC-UPNHZX9F,Lumina Hair Care Matte,"Lumina Hair Care with Dermatologist?tested, For all skin types, Argan oil. Priced competitively at $28.99.",Beauty & Personal Care,Hair Care,229,79,28.99,4.7
AIA-8TSXK681,RoadSure Interior Accessories Pro,"RoadSure Interior Accessories with All?season formula, Low?odor, Quick?dry. Priced competitively at $278.00.",Automotive,Interior Accessories,293,95,278,4.1
AEA-YEAWHMLV,AutoZen Exterior Accessories Ultimate,"AutoZen Exterior Accessories with Microfiber material, Universal fit, Meets OEM specs. Priced competitively at $245.95.",Automotive,Exterior Accessories,99,84,245.95,3.5
HKHD-HLV76MF4,BrightNest Home Decor Deluxe,"BrightNest Home Decor with Stainless steel, Ergonomic handle, Easy to clean. Priced competitively at $242.99.",Home & Kitchen,Home Decor,189,59,242.99,4.1
F-B-H50OPF06,Seraphine Bottoms Classic,"Seraphine Bottoms with 100% cotton, Regular fit, Machine washable. Priced competitively at $68.95.",Fashion - Women,Bottoms,373,63,68.95,4.5
F-A-1DO6OUZ1,UrbanCut Accessories Signature,"UrbanCut Accessories with Breathable fabric, Slim fit, Hand wash cold. Priced competitively at $196.00.",Fashion - Men,Accessories,70,35,196,4.6
PSSP-R0I2FKXW,Nibble&Nest Small Pets Natural,"Nibble&Nest Small Pets with Vet?recommended, For small breeds, Low?odor. Priced competitively at $9.00.",Pet Supplies,Small Pets,63,93,9,4
GGS-VNRPJY93,RiverLeaf Snacks Organic,"RiverLeaf Snacks with No artificial flavours, Vegan friendly, Locally sourced. Priced competitively at $3.00.",Groceries & Gourmet,Snacks,191,75,3,3.9
BF-BNW8BKXC,BlueCedar Fiction Edition,"BlueCedar Fiction with Paperback, 510 pages, English language. Priced competitively at $11.95.",Books,Fiction,99,108,11.95,3.7
GGPS-U3ASNRM6,GoodGrain Pantry Staples,"GoodGrain Pantry Staples with Low sugar, Keto friendly, Locally sourced. Priced competitively at $16.00.",Groceries & Gourmet,Pantry Staples,52,37,16,3.7
SOY&-6EEAMYFP,FlexiFit Yoga & Wellness Lite,"FlexiFit Yoga & Wellness with Anti?slip grip, Indoor & outdoor use, Competition size. Priced competitively at $156.99.",Sports & Outdoors,Yoga & Wellness,305,76,156.99,4.2
HKSA-LH9P1EAR,SwiftClean Small Appliances Pro,"SwiftClean Small Appliances with Non?stick, Ergonomic handle, Includes user guide. Priced competitively at $88.90.",Home & Kitchen,Small Appliances,220,15,88.9,3.8
GGHF-BKADEVVH,GoodGrain Health Foods Value,"GoodGrain Health Foods with High fibre, Keto friendly, Imported. Priced competitively at $51.95.",Groceries & Gourmet,Health Foods,343,54,51.95,4.4
F-T-C31TZ8G1,Seraphine Tops Signature,"Seraphine Tops with 100% cotton, Regular fit, Dry clean recommended. Priced competitively at $164.90.",Fashion - Women,Tops,2,102,164.9,4.2
HFA-GMNHIE9E,PureAid First Aid Plus,"PureAid First Aid with Clinically tested, Easy?read display, Latex?free. Priced competitively at $24.90.",Health,First Aid,56,76,24.9,4.6
HS-KVL9PTK4,VitalEdge Supplements Care,"VitalEdge Supplements with GMP certified, Easy?read display, Latex?free. Priced competitively at $13.95.",Health,Supplements,96,119,13.95,4.7
F-T-PXDFOVD7,Asteria Tops Active,"Asteria Tops with Four?way stretch, Regular fit, Dry clean recommended. Priced competitively at $10.95.",Fashion - Women,Tops,500,31,10.95,5
TGBS-11V127MY,FunFoundry Building Sets Creative,"FunFoundry Building Sets with Ages 36, Solo or group play, No batteries required. Priced competitively at $53.95.",Toys & Games,Building Sets,486,61,53.95,4.6
BPF-I7B03RAG,PureGlow Fragrances Glow,"PureGlow Fragrances with Dermatologist?tested, For all skin types, Argan oil. Priced competitively at $44.00.",Beauty & Personal Care,Fragrances,309,96,44,4
AIA-JM4T8BP6,CleanRide Interior Accessories Care,"CleanRide Interior Accessories with Microfiber material, Compact storage case, 12?month warranty. Priced competitively at $62.95.",Automotive,Interior Accessories,196,67,62.95,4.5
ACC-PLO1URTT,RoadSure Car Care Shield,"RoadSure Car Care with All?season formula, Compact storage case, 12?month warranty. Priced competitively at $8.00.",Automotive,Car Care,240,70,8,4
AO&-CVEN3V1W,TorquePro Oils & Fluids Essential,"TorquePro Oils & Fluids with Microfiber material, Compact storage case, 12?month warranty. Priced competitively at $143.00.",Automotive,Oils & Fluids,194,22,143,4.1
TGAF-XV6CKMAL,GearBlocks Action Figures Explorer,"GearBlocks Action Figures with Ages 36, Family game night, Includes instructions. Priced competitively at $9.90.",Toys & Games,Action Figures,235,94,9.9,4.5
HFA-OU3DYMS1,PureAid First Aid Advanced,"PureAid First Aid with Clinically tested, Easy?read display, Child?safe cap. Priced competitively at $41.00.",Health,First Aid,173,31,41,3.8
TGBG-KB9OI0D4,KidLabs Board Games Explorer,"KidLabs Board Games with Ages 12+, Family game night, No batteries required. Priced competitively at $86.99.",Toys & Games,Board Games,48,85,86.99,4.1
SOC-PTHOWQ1G,SummitGear Cycling Core,"SummitGear Cycling with Sweat?wicking, Foldable for storage, Pro grade. Priced competitively at $1100.00.",Sports & Outdoors,Cycling,9,90,1100,4.3
SOTS-SNFFYKPL,SummitGear Team Sports Pro,"SummitGear Team Sports with Anti?slip grip, Weather?resistant, Competition size. Priced competitively at $94.95.",Sports & Outdoors,Team Sports,425,18,94.95,3.7
BPM-EGI3QUPX,PureGlow Makeup Repair,"PureGlow Makeup with Paraben?free, For dry skin, Hyaluronic acid. Priced competitively at $122.90.",Beauty & Personal Care,Makeup,18,35,122.9,3.6
ES-8RA4DV56,Cresta Watch X 2,"Cresta Smartwatches with 267GB storage, 15GB RAM, Wi?Fi 6. Priced competitively at $694.00.",Electronics,Smartwatches,208,56,694,3.8
BT-V1L30307,NorthStar Textbooks Edition,"NorthStar Textbooks with Paperback, 359 pages, English language. Priced competitively at $184.00.",Books,Textbooks,111,28,184,3.5
F-A-N8LPY857,AxisWear Accessories Signature,"AxisWear Accessories with 100% cotton, Relaxed fit, Dry clean recommended. Priced competitively at $64.99.",Fashion - Men,Accessories,185,70,64.99,4
ES-6YTIPA87,Zenbyte Z7 Max,"Zenbyte Smartphones with 218GB storage, 5GB RAM, Wi?Fi 6. Priced competitively at $1242.90.",Electronics,Smartphones,469,42,1242.9,3.5
BPF-537QO4Z5,Lumina Fragrances Matte,"Lumina Fragrances with Dermatologist?tested, For dry skin, Argan oil. Priced competitively at $228.95.",Beauty & Personal Care,Fragrances,419,22,228.95,4.5
BT-W2EOWLCF,Maple Press Textbooks Edition,"Maple Press Textbooks with Paperback, 600 pages, English language. Priced competitively at $142.95.",Books,Textbooks,264,101,142.95,3.6
AT&-Y32HOG58,TorquePro Tools & Equipment Ultimate,"TorquePro Tools & Equipment with Heavy?duty steel, Low?odor, Quick?dry. Priced competitively at $669.90.",Automotive,Tools & Equipment,452,83,669.9,4.4
GGS-ZGOPJDN8,Snackify Snacks Value,"Snackify Snacks with Gluten?free, Vegan friendly, Imported. Priced competitively at $35.95.",Groceries & Gourmet,Snacks,60,11,35.95,5
HKSA-0NPHH30G,Nordica Small Appliances Essential,"Nordica Small Appliances with Stainless steel, Ergonomic handle, Heat?resistant up to 230°C. Priced competitively at $521.90.",Home & Kitchen,Small Appliances,92,62,521.9,4.2
AIA-Q59OHNPV,AutoZen Interior Accessories Pro,"AutoZen Interior Accessories with Heavy?duty steel, Universal fit, Meets OEM specs. Priced competitively at $82.95.",Automotive,Interior Accessories,37,22,82.95,4.1
F-T-8V0BJWKO,Seraphine Tops Weekend,"Seraphine Tops with Breathable fabric, Slim fit, Machine washable. Priced competitively at $81.00.",Fashion - Women,Tops,189,26,81,4.7
PSSP-LTFEBE54,WhiskerWorks Small Pets Complete,"WhiskerWorks Small Pets with Grain?free, For small breeds, High?protein. Priced competitively at $181.95.",Pet Supplies,Small Pets,382,56,181.95,4.1
BC-1F4X2BFI,BlueCedar Children Vol.6,"BlueCedar Children with Hardcover, 298 pages, English language. Priced competitively at $20.95.",Books,Children,18,70,20.95,4.2
EP-45ED5GGS,HeliosTech Laser 2100,"HeliosTech Printers with 403GB storage, 13GB RAM, Wi?Fi 6. Priced competitively at $203.95.",Electronics,Printers,139,82,203.95,4.8
BN-5AYYOV84,BlueCedar Non?Fiction Series,"BlueCedar Non?Fiction with Hardcover, 644 pages, English language. Priced competitively at $32.99.",Books,Non?Fiction,78,13,32.99,4.9
F-O-WQ8962E5,UrbanCut Outerwear Weekend,"UrbanCut Outerwear with Four?way stretch, Slim fit, Machine washable. Priced competitively at $303.00.",Fashion - Men,Outerwear,410,92,303,4.6
HS-JI1OAHNO,VitalEdge Supplements Care,"VitalEdge Supplements with CE?marked, Easy?read display, Child?safe cap. Priced competitively at $92.95.",Health,Supplements,331,106,92.95,4.4
HPC-3SR5RUP1,Healio Personal Care Plus,"Healio Personal Care with Clinically tested, Once?daily usage, Child?safe cap. Priced competitively at $87.90.",Health,Personal Care,415,57,87.9,4.1
GGB-XZ7SXDQC,RiverLeaf Breakfast Family Pack,"RiverLeaf Breakfast with High fibre, Suitable for vegetarians, Imported. Priced competitively at $4.00.",Groceries & Gourmet,Breakfast,410,71,4,3.8
F-O-DPDXUJJC,UrbanCut Outerwear Signature,"UrbanCut Outerwear with 100% cotton, Relaxed fit, Dry clean recommended. Priced competitively at $42.99.",Fashion - Men,Outerwear,257,12,42.99,5
AIA-OZL01Q3M,AutoZen Interior Accessories Pro,"AutoZen Interior Accessories with Heavy?duty steel, Low?odor, 12?month warranty. Priced competitively at $217.95.",Automotive,Interior Accessories,470,113,217.95,4.3
GGB-EGRY58VR,GoodGrain Beverages Premium,"GoodGrain Beverages with High fibre, Keto friendly, Imported. Priced competitively at $18.99.",Groceries & Gourmet,Beverages,316,114,18.99,4.4
F-T-3ZGARFI4,Stone&Co Tops Classic,"Stone&Co Tops with Water?resistant, Regular fit, Hand wash cold. Priced competitively at $20.99.",Fashion - Men,Tops,439,111,20.99,4
TGBS-Q4VHU4BA,FunFoundry Building Sets Advanced,"FunFoundry Building Sets with Ages 12+, Family game night, No batteries required. Priced competitively at $28.90.",Toys & Games,Building Sets,322,118,28.9,4.2
AO&-OS0765IC,AutoZen Oils & Fluids Shield,"AutoZen Oils & Fluids with Microfiber material, Low?odor, 12?month warranty. Priced competitively at $78.00.",Automotive,Oils & Fluids,9,64,78,3.7
ACC-AKGMIH6M,CleanRide Car Care Shield,"CleanRide Car Care with Heavy?duty steel, Low?odor, 12?month warranty. Priced competitively at $81.00.",Automotive,Car Care,308,119,81,4
BPM-XMR8FHYD,PureGlow Makeup Calm,"PureGlow Makeup with Cruelty?free, For all skin types, Argan oil. Priced competitively at $130.95.",Beauty & Personal Care,Makeup,247,26,130.95,4.3
AEA-5MF36BCP,AutoZen Exterior Accessories Essential,"AutoZen Exterior Accessories with All?season formula, Low?odor, Meets OEM specs. Priced competitively at $68.99.",Automotive,Exterior Accessories,316,39,68.99,4.4
AEA-JFYSYZ7P,AutoZen Exterior Accessories Care,"AutoZen Exterior Accessories with Heavy?duty steel, Low?odor, Meets OEM specs. Priced competitively at $396.00.",Automotive,Exterior Accessories,234,117,396,4.2
PSD-6FKPS0DX,PawJoy Dog Grain?Free,"PawJoy Dog with Vet?recommended, Suitable for all breeds, No artificial colours. Priced competitively at $122.90.",Pet Supplies,Dog,171,114,122.9,3.1
AT&-MSDN1MXF,RoadSure Tools & Equipment Shield,"RoadSure Tools & Equipment with Microfiber material, Compact storage case, 12?month warranty. Priced competitively at $567.99.",Automotive,Tools & Equipment,385,77,567.99,3.9
AO&-FA37DL9F,AutoZen Oils & Fluids Shield,"AutoZen Oils & Fluids with All?season formula, Low?odor, Quick?dry. Priced competitively at $111.00.",Automotive,Oils & Fluids,31,60,111,4.3
BPGT-5Z5ZLM36,PureGlow Grooming Tools Glow,"PureGlow Grooming Tools with Paraben?free, For oily skin, Niacinamide. Priced competitively at $17.00.",Beauty & Personal Care,Grooming Tools,312,28,17,4.1
GGB-TOZ5STHS,GoodGrain Breakfast Organic,"GoodGrain Breakfast with High fibre, Keto friendly, Locally sourced. Priced competitively at $29.00.",Groceries & Gourmet,Breakfast,159,76,29,3.8
ES-9DCNWMBX,Voltiva P14 Lite,"Voltiva Smartphones with 296GB storage, 9GB RAM, Wi?Fi 6. Priced competitively at $1532.00.",Electronics,Smartphones,63,67,1532,4
F-F-0DSG2QFP,AxisWear Footwear Signature,"AxisWear Footwear with 100% cotton, Regular fit, Hand wash cold. Priced competitively at $243.90.",Fashion - Men,Footwear,210,20,243.9,4.8
BPF-SVSOJRPP,Velour Fragrances Calm,"Velour Fragrances with Paraben?free, For sensitive skin, Hyaluronic acid. Priced competitively at $74.99.",Beauty & Personal Care,Fragrances,476,72,74.99,4.2
AT&-R07N8VOE,RoadSure Tools & Equipment Shield,"RoadSure Tools & Equipment with All?season formula, Low?odor, Meets OEM specs. Priced competitively at $76.99.",Automotive,Tools & Equipment,292,47,76.99,3.8
HKB-R2FVB66H,Nordica Bedding Essential,"Nordica Bedding with Stainless steel, Ergonomic handle, Includes user guide. Priced competitively at $78.00.",Home & Kitchen,Bedding,419,104,78,4
TGST-RZV1SQQQ,BrainSpark STEM Toys Advanced,"BrainSpark STEM Toys with Ages 36, STEM learning, Batteries included. Priced competitively at $148.95.",Toys & Games,STEM Toys,443,103,148.95,4.2
GGHF-T860X5ZU,RiverLeaf Health Foods Value,"RiverLeaf Health Foods with No artificial flavours, Keto friendly, Locally sourced. Priced competitively at $33.90.",Groceries & Gourmet,Health Foods,407,108,33.9,4.1
SOY&-GR6E7GA2,SummitGear Yoga & Wellness X,"SummitGear Yoga & Wellness with Shock?absorbing, Indoor & outdoor use, Competition size. Priced competitively at $133.99.",Sports & Outdoors,Yoga & Wellness,125,116,133.99,3.7
BC-PO4LJEDG,NorthStar Children Collection,"NorthStar Children with Hardcover, 597 pages, English language. Priced competitively at $16.99.",Books,Children,73,33,16.99,4.2
BPS-ZKDF6J76,AquaDerm Skincare Hydra,"AquaDerm Skincare with Paraben?free, For sensitive skin, Argan oil. Priced competitively at $161.00.",Beauty & Personal Care,Skincare,26,35,161,4.4
PSA-LTCBW6AT,AquaScape Accessories Complete,"AquaScape Accessories with Natural ingredients, Suitable for all breeds, High?protein. Priced competitively at $46.99.",Pet Supplies,Accessories,300,96,46.99,4.7
BC&-2TP6QAQ3,BlueCedar Comics & Manga Edition,"BlueCedar Comics & Manga with Paperback, 180 pages, English language. Priced competitively at $21.90.",Books,Comics & Manga,148,93,21.9,4.6
AEA-VSB0UKOE,TorquePro Exterior Accessories Ultimate,"TorquePro Exterior Accessories with Microfiber material, Universal fit, Quick?dry. Priced competitively at $204.95.",Automotive,Exterior Accessories,71,102,204.95,3.9
PSA-JXLH8L6E,AquaScape Aquatic Comfort,"AquaScape Aquatic with Natural ingredients, For small breeds, No artificial colours. Priced competitively at $337.00.",Pet Supplies,Aquatic,472,10,337,4.1
EH-2XCB3YYM,MobiCore Quiet 200,"MobiCore Headphones with 154GB storage, 16GB RAM, Bluetooth 5.3. Priced competitively at $212.95.",Electronics,Headphones,416,58,212.95,4.4
F-T-YZG3W3H9,Asteria Tops Premium,"Asteria Tops with 100% cotton, Slim fit, Hand wash cold. Priced competitively at $76.90.",Fashion - Women,Tops,495,56,76.9,3.9
HMD-URTXUYUC,VitalEdge Medical Devices Daily,"VitalEdge Medical Devices with Clinically tested, Once?daily usage, Latex?free. Priced competitively at $20.95.",Health,Medical Devices,65,105,20.95,4.5
HPC-JUQ7X7B7,CarePlus Personal Care Advanced,"CarePlus Personal Care with CE?marked, Easy?read display, Includes carrying case. Priced competitively at $15.99.",Health,Personal Care,221,118,15.99,4.3
GGHF-5IKPQAHC,VitaBurst Health Foods Organic,"VitaBurst Health Foods with Gluten?free, Suitable for vegetarians, Locally sourced. Priced competitively at $38.00.",Groceries & Gourmet,Health Foods,292,113,38,4.8
SOC&-R3VWMJDI,TrailForge Camping & Hiking Pro,"TrailForge Camping & Hiking with Lightweight frame, Weather?resistant, Competition size. Priced competitively at $184.99.",Sports & Outdoors,Camping & Hiking,174,116,184.99,4.3
SOFE-UDCBL4CE,TrailForge Fitness Equipment Lite,"TrailForge Fitness Equipment with Shock?absorbing, Indoor & outdoor use, Beginner friendly. Priced competitively at $923.95.",Sports & Outdoors,Fitness Equipment,470,112,923.95,3.9
GGB-D1IVXAN2,RiverLeaf Beverages Premium,"RiverLeaf Beverages with No artificial flavours, Vegan friendly, Locally sourced. Priced competitively at $24.00.",Groceries & Gourmet,Beverages,450,89,24,4.3
AO&-AZV46ESM,AutoZen Oils & Fluids Pro,"AutoZen Oils & Fluids with All?season formula, Universal fit, Meets OEM specs. Priced competitively at $39.90.",Automotive,Oils & Fluids,246,102,39.9,4
BPM-51FLMNAV,Velour Makeup Strength,"Velour Makeup with Dermatologist?tested, For sensitive skin, Vitamin C. Priced competitively at $100.00.",Beauty & Personal Care,Makeup,347,28,100,4
TGAF-MYZ9VLU8,GearBlocks Action Figures Starter,"GearBlocks Action Figures with Ages 36, STEM learning, No batteries required. Priced competitively at $23.90.",Toys & Games,Action Figures,315,48,23.9,4
SOFE-HR133NO3,FlexiFit Fitness Equipment X,"FlexiFit Fitness Equipment with Lightweight frame, Indoor & outdoor use, Pro grade. Priced competitively at $714.90.",Sports & Outdoors,Fitness Equipment,3,56,714.9,4.3
ESH-W6M9HKHJ,HeliosTech LED Bulb,"HeliosTech Smart Home with 164GB storage, 4GB RAM, Wi?Fi 6. Priced competitively at $46.00.",Electronics,Smart Home,89,53,46,4.4
EH-QNNGS2WP,Zenbyte Beat X,"Zenbyte Headphones with 124GB storage, 6GB RAM, Wi?Fi 6. Priced competitively at $194.99.",Electronics,Headphones,364,18,194.99,4
PSSP-9IBWGT2L,Nibble&Nest Small Pets Comfort,"Nibble&Nest Small Pets with Natural ingredients, For large breeds, High?protein. Priced competitively at $124.00.",Pet Supplies,Small Pets,27,90,124,4.4
SOFE-N51NSGZS,AeroStride Fitness Equipment X,"AeroStride Fitness Equipment with Shock?absorbing, Weather?resistant, Pro grade. Priced competitively at $937.99.",Sports & Outdoors,Fitness Equipment,247,101,937.99,3.4
BC&-QIHPNF4J,BlueCedar Comics & Manga Edition,"BlueCedar Comics & Manga with Hardcover, 415 pages, English language. Priced competitively at $30.99.",Books,Comics & Manga,43,27,30.99,4.2
EP-PNRJAPJC,HeliosTech Laser 3200,"HeliosTech Printers with 214GB storage, 12GB RAM, Bluetooth 5.3. Priced competitively at $268.00.",Electronics,Printers,461,20,268,3.9
HKC-MYJ014GV,BrightNest Cookware Pro,"BrightNest Cookware with Stainless steel, Ergonomic handle, Easy to clean. Priced competitively at $35.99.",Home & Kitchen,Cookware,70,119,35.99,4.2
F-F-1AX985I0,AxisWear Footwear Signature,"AxisWear Footwear with Breathable fabric, Relaxed fit, Dry clean recommended. Priced competitively at $295.95.",Fashion - Men,Footwear,107,70,295.95,3.5
PSSP-LG1ZHQUN,AquaScape Small Pets Complete,"AquaScape Small Pets with Grain?free, For large breeds, High?protein. Priced competitively at $130.95.",Pet Supplies,Small Pets,295,26,130.95,4
F-T-LA27F8LW,Seraphine Tops Premium,"Seraphine Tops with Water?resistant, Slim fit, Machine washable. Priced competitively at $71.95.",Fashion - Women,Tops,308,87,71.95,4.8
TGBS-L8XKGYG3,FunFoundry Building Sets Starter,"FunFoundry Building Sets with Ages 36, Family game night, Includes instructions. Priced competitively at $135.90.",Toys & Games,Building Sets,308,72,135.9,4.5
SOC-NAL6O9EP,FlexiFit Cycling Pro,"FlexiFit Cycling with Shock?absorbing, Indoor & outdoor use, Beginner friendly. Priced competitively at $856.99.",Sports & Outdoors,Cycling,380,18,856.99,4.2
SOC-ULHZQH9Q,AeroStride Cycling X,"AeroStride Cycling with Anti?slip grip, Foldable for storage, Pro grade. Priced competitively at $493.95.",Sports & Outdoors,Cycling,422,61,493.95,4
AT&-M42O34OG,TorquePro Tools & Equipment Shield,"TorquePro Tools & Equipment with Microfiber material, Compact storage case, 12?month warranty. Priced competitively at $392.99.",Automotive,Tools & Equipment,316,103,392.99,4
GGS-I5JWK6Z0,RiverLeaf Snacks Organic,"RiverLeaf Snacks with No artificial flavours, Vegan friendly, Locally sourced. Priced competitively at $25.99.",Groceries & Gourmet,Snacks,111,73,25.99,3.6
HKHD-FHBAWYQM,Homely Home Decor Deluxe,"Homely Home Decor with Non?stick, Compact design, Includes user guide. Priced competitively at $212.00.",Home & Kitchen,Home Decor,204,119,212,4.6
ES-QCXZPQKF,Zenbyte Watch Pro 9,"Zenbyte Smartwatches with 127GB storage, 12GB RAM, NFC support. Priced competitively at $164.90.",Electronics,Smartwatches,429,12,164.9,4
GGB-GZ6TPBWS,RiverLeaf Beverages Value,"RiverLeaf Beverages with No artificial flavours, Vegan friendly, Imported. Priced competitively at $30.90.",Groceries & Gourmet,Beverages,339,101,30.9,4
ACC-7NIDP9MG,CleanRide Car Care Ultimate,"CleanRide Car Care with Heavy?duty steel, Universal fit, Quick?dry. Priced competitively at $103.99.",Automotive,Car Care,342,18,103.99,4.4
BPS-UGHT7EHM,Velour Skincare Matte,"Velour Skincare with Cruelty?free, For dry skin, Vitamin C. Priced competitively at $100.99.",Beauty & Personal Care,Skincare,88,11,100.99,5
TGBG-NCHKV9DT,BrainSpark Board Games Family,"BrainSpark Board Games with Ages 8+, Solo or group play, No batteries required. Priced competitively at $78.99.",Toys & Games,Board Games,472,118,78.99,3.9
GGB-W5L4RMVV,MorningMills Breakfast Family Pack,"MorningMills Breakfast with Low sugar, Keto friendly, Locally sourced. Priced competitively at $24.90.",Groceries & Gourmet,Breakfast,195,75,24.9,4.1
SOFE-01WCNKFH,PeakPro Fitness Equipment Elite,"PeakPro Fitness Equipment with Shock?absorbing, Foldable for storage, Pro grade. Priced competitively at $681.99.",Sports & Outdoors,Fitness Equipment,19,40,681.99,4.7
BPM-XKA4LIT6,HerbaCare Makeup Glow,"HerbaCare Makeup with Paraben?free, For oily skin, Niacinamide. Priced competitively at $48.99.",Beauty & Personal Care,Makeup,340,41,48.99,4
BPF-8B97EGT2,PureGlow Fragrances Hydra,"PureGlow Fragrances with Cruelty?free, For dry skin, Hyaluronic acid. Priced competitively at $227.99.",Beauty & Personal Care,Fragrances,104,40,227.99,3.8
HMD-KU8H5R8M,CarePlus Medical Devices Max,"CarePlus Medical Devices with CE?marked, Easy?read display, Child?safe cap. Priced competitively at $68.90.",Health,Medical Devices,193,31,68.9,4.2
PSA-1PC6KTTG,HappyPaws Accessories Complete,"HappyPaws Accessories with Natural ingredients, For large breeds, High?protein. Priced competitively at $101.90.",Pet Supplies,Accessories,194,69,101.9,4.1
HKB-6A50NOOO,ChefMate Bedding Pro,"ChefMate Bedding with BPA?free, Compact design, Easy to clean. Priced competitively at $40.95.",Home & Kitchen,Bedding,380,57,40.95,4.5
GGHF-7F1811MZ,GoodGrain Health Foods Premium,"GoodGrain Health Foods with Gluten?free, Vegan friendly, Locally sourced. Priced competitively at $7.99.",Groceries & Gourmet,Health Foods,325,98,7.99,4.1
SOTS-JQYJV84A,TrailForge Team Sports Elite,"TrailForge Team Sports with Shock?absorbing, Weather?resistant, Competition size. Priced competitively at $17.00.",Sports & Outdoors,Team Sports,394,21,17,4.3
BF-JK8XNLO5,NorthStar Fiction Vol.3,"NorthStar Fiction with Hardcover, 326 pages, English language. Priced competitively at $25.90.",Books,Fiction,372,21,25.9,4.6
HMD-93ACZSX0,Healio Medical Devices Plus,"Healio Medical Devices with CE?marked, Once?daily usage, Latex?free. Priced competitively at $274.95.",Health,Medical Devices,87,32,274.95,4.5
BPHC-3GCG1J6O,PureGlow Hair Care Strength,"PureGlow Hair Care with Dermatologist?tested, For dry skin, Vitamin C. Priced competitively at $98.99.",Beauty & Personal Care,Hair Care,320,89,98.99,4.6
TGBS-IR1AJ8X2,PlaySmith Building Sets Family,"PlaySmith Building Sets with Ages 8+, Solo or group play, Includes instructions. Priced competitively at $64.00.",Toys & Games,Building Sets,21,22,64,4.6
TGP-1VMYMLIN,FunFoundry Puzzles Advanced,"FunFoundry Puzzles with Ages 36, STEM learning, Includes instructions. Priced competitively at $45.00.",Toys & Games,Puzzles,204,58,45,3.4
AT&-ET81IQY5,AutoZen Tools & Equipment Care,"AutoZen Tools & Equipment with Heavy?duty steel, Universal fit, Meets OEM specs. Priced competitively at $525.90.",Automotive,Tools & Equipment,263,62,525.9,3.5
GGPS-YIR02M77,GoodGrain Pantry Staples Value,"GoodGrain Pantry Staples with Gluten?free, Vegan friendly, Locally sourced. Priced competitively at $3.00.",Groceries & Gourmet,Pantry Staples,243,94,3,4.7
HMD-2KYT5GQE,MediSure Medical Devices Care,"MediSure Medical Devices with GMP certified, Once?daily usage, Includes carrying case. Priced competitively at $253.99.",Health,Medical Devices,339,79,253.99,3.5
BPS-61HJR6EE,AquaDerm Skincare Matte,"AquaDerm Skincare with Sulfate?free, For sensitive skin, Vitamin C. Priced competitively at $26.99.",Beauty & Personal Care,Skincare,273,91,26.99,4.2
GGPS-3IEDD070,VitaBurst Pantry Staples Premium,"VitaBurst Pantry Staples with High fibre, Suitable for vegetarians, Imported. Priced competitively at $23.95.",Groceries & Gourmet,Pantry Staples,59,83,23.95,4
TGP-T49LNY2S,PlaySmith Puzzles Family,"PlaySmith Puzzles with Ages 12+, Family game night, No batteries required. Priced competitively at $68.00.",Toys & Games,Puzzles,308,85,68,4.3
BPM-FK043BLS,UrbanMan Makeup Glow,"UrbanMan Makeup with Sulfate?free, For oily skin, Hyaluronic acid. Priced competitively at $158.95.",Beauty & Personal Care,Makeup,352,25,158.95,4.6
AEA-FZ47I071,AutoZen Exterior Accessories Essential,"AutoZen Exterior Accessories with Heavy?duty steel, Universal fit, Meets OEM specs. Priced competitively at $252.95.",Automotive,Exterior Accessories,438,72,252.95,4.2
PSSP-OTKZH4OE,AquaScape Small Pets Comfort,"AquaScape Small Pets with Natural ingredients, Suitable for all breeds, Low?odor. Priced competitively at $51.95.",Pet Supplies,Small Pets,385,111,51.95,3.9
F-A-R6H2HXN4,AxisWear Accessories Weekend,"AxisWear Accessories with Water?resistant, Slim fit, Dry clean recommended. Priced competitively at $115.90.",Fashion - Men,Accessories,52,96,115.9,4.4
BPS-ESMPF0IE,AquaDerm Skincare Hydra,"AquaDerm Skincare with Sulfate?free, For sensitive skin, Argan oil. Priced competitively at $25.95.",Beauty & Personal Care,Skincare,203,72,25.95,3.4
HS-NECRYSAU,Healio Supplements Care,"Healio Supplements with Clinically tested, Once?daily usage, Child?safe cap. Priced competitively at $143.95.",Health,Supplements,293,71,143.95,4.1
AT&-C62G3AUT,AutoZen Tools & Equipment Essential,"AutoZen Tools & Equipment with Microfiber material, Universal fit, Quick?dry. Priced competitively at $178.90.",Automotive,Tools & Equipment,415,77,178.9,4.9
BT-5ZAQLBUX,BlueCedar Textbooks Edition,"BlueCedar Textbooks with Paperback, 307 pages, English language. Priced competitively at $137.99.",Books,Textbooks,44,81,137.99,4.2
F-F-AK8S2XQU,AxisWear Footwear Weekend,"AxisWear Footwear with Four?way stretch, Relaxed fit, Dry clean recommended. Priced competitively at $382.90.",Fashion - Men,Footwear,355,50,382.9,4.9
PSC-GK38VHME,WhiskerWorks Cat Complete,"WhiskerWorks Cat with Grain?free, For large breeds, No artificial colours. Priced competitively at $182.99.",Pet Supplies,Cat,318,64,182.99,4.5
TGST-TC09ZGNX,FunFoundry STEM Toys Explorer,"FunFoundry STEM Toys with Ages 12+, STEM learning, No batteries required. Priced competitively at $22.00.",Toys & Games,STEM Toys,420,75,22,4.3
BPM-8IJTYOLD,PureGlow Makeup Hydra,"PureGlow Makeup with Paraben?free, For dry skin, Vitamin C. Priced competitively at $197.95.",Beauty & Personal Care,Makeup,465,52,197.95,4.2
HKS&-2ES5V3DM,Homely Storage & Organization Set,"Homely Storage & Organization with Stainless steel, Energy?efficient, Easy to clean. Priced competitively at $194.90.",Home & Kitchen,Storage & Organization,292,120,194.9,4
BF-M08TV4RE,InkWave Fiction Edition,"InkWave Fiction with Paperback, 326 pages, English language. Priced competitively at $44.90.",Books,Fiction,4,97,44.9,4
BC-ZG92SJP7,BlueCedar Children Vol.10,"BlueCedar Children with Paperback, 492 pages, English language. Priced competitively at $6.00.",Books,Children,451,114,6,4.2
HKB-C08FC0TR,CasaPure Bedding,"CasaPure Bedding with Non?stick, Compact design, Easy to clean. Priced competitively at $105.00.",Home & Kitchen,Bedding,447,11,105,4.6
PSA-G3APTM9X,PawJoy Accessories Care,"PawJoy Accessories with Natural ingredients, For large breeds, Low?odor. Priced competitively at $94.95.",Pet Supplies,Accessories,471,115,94.95,4.1
EP-4S8PNNE6,Voltiva InkJet 3200,"Voltiva Printers with 124GB storage, 8GB RAM, USB?C. Priced competitively at $481.90.",Electronics,Printers,127,116,481.9,3.5
F-B-78S6764C,Stone&Co Bottoms Premium,"Stone&Co Bottoms with Water?resistant, Slim fit, Hand wash cold. Priced competitively at $15.95.",Fashion - Men,Bottoms,3,88,15.95,4
F-D-APHT6O6A,Opal&Oak Dresses Premium,"Opal&Oak Dresses with Four?way stretch, Slim fit, Hand wash cold. Priced competitively at $20.90.",Fashion - Women,Dresses,393,94,20.9,4.2
TGBG-XPF0A5ZD,PlaySmith Board Games Advanced,"PlaySmith Board Games with Ages 8+, Family game night, No batteries required. Priced competitively at $94.00.",Toys & Games,Board Games,145,15,94,4.7
HPC-89ERRYE1,MediSure Personal Care Care,"MediSure Personal Care with CE?marked, Once?daily usage, Includes carrying case. Priced competitively at $86.90.",Health,Personal Care,399,61,86.9,3.3
HKC-1IYM90PK,BrightNest Cookware Set,"BrightNest Cookware with BPA?free, Ergonomic handle, Heat?resistant up to 230°C. Priced competitively at $49.00.",Home & Kitchen,Cookware,248,20,49,4.2
BPGT-9I3HZ3ZS,Lumina Grooming Tools Matte,"Lumina Grooming Tools with Paraben?free, For sensitive skin, Vitamin C. Priced competitively at $38.00.",Beauty & Personal Care,Grooming Tools,92,34,38,4.7
BPF-AH5NSZ9H,AquaDerm Fragrances Glow,"AquaDerm Fragrances with Dermatologist?tested, For oily skin, Vitamin C. Priced competitively at $27.90.",Beauty & Personal Care,Fragrances,218,71,27.9,4.2
F-T-PLBBB0HQ,Mariner Tops Weekend,"Mariner Tops with Water?resistant, Slim fit, Hand wash cold. Priced competitively at $36.00.",Fashion - Men,Tops,465,87,36,4.4
F-T-L0N2TNXH,Cobalt Lane Tops Essential,"Cobalt Lane Tops with 100% cotton, Regular fit, Dry clean recommended. Priced competitively at $18.99.",Fashion - Men,Tops,196,21,18.99,4.4
HS-7CTM09HZ,MediSure Supplements Care,"MediSure Supplements with CE?marked, Portable design, Child?safe cap. Priced competitively at $9.90.",Health,Supplements,22,26,9.9,4.4
F-F-RS82GJ8K,Opal&Oak Footwear Classic,"Opal&Oak Footwear with 100% cotton, Relaxed fit, Machine washable. Priced competitively at $280.99.",Fashion - Women,Footwear,489,82,280.99,4.7
HFA-1N2OJGFH,MediSure First Aid Care,"MediSure First Aid with CE?marked, Portable design, Latex?free. Priced competitively at $33.99.",Health,First Aid,356,11,33.99,4.7
HPC-TGBIBF57,Healio Personal Care Daily,"Healio Personal Care with GMP certified, Portable design, Includes carrying case. Priced competitively at $23.90.",Health,Personal Care,138,111,23.9,3.7
SOY&-L85JE6K9,SummitGear Yoga & Wellness Core,"SummitGear Yoga & Wellness with Anti?slip grip, Indoor & outdoor use, Pro grade. Priced competitively at $23.00.",Sports & Outdoors,Yoga & Wellness,320,114,23,4.6
ESH-8JWVHPLH,Cresta Door Sensor,"Cresta Smart Home with 503GB storage, 16GB RAM, NFC support. Priced competitively at $239.99.",Electronics,Smart Home,322,113,239.99,4.2
SOTS-GG5GR0XA,TrailForge Team Sports Lite,"TrailForge Team Sports with Sweat?wicking, Indoor & outdoor use, Beginner friendly. Priced competitively at $138.95.",Sports & Outdoors,Team Sports,83,32,138.95,4.5
HKS&-S03VNA31,CasaPure Storage & Organization,"CasaPure Storage & Organization with Non?stick, Ergonomic handle, Includes user guide. Priced competitively at $41.95.",Home & Kitchen,Storage & Organization,329,15,41.95,3.6
F-B-T34DF163,UrbanCut Bottoms Classic,"UrbanCut Bottoms with Four?way stretch, Relaxed fit, Dry clean recommended. Priced competitively at $185.99.",Fashion - Men,Bottoms,157,52,185.99,3.9
HKC-D5OAIINM,BrightNest Cookware Essential,"BrightNest Cookware with BPA?free, Energy?efficient, Heat?resistant up to 230°C. Priced competitively at $314.99.",Home & Kitchen,Cookware,146,38,314.99,4.2
HKS&-8KCMM7DB,ChefMate Storage & Organization Set,"ChefMate Storage & Organization with Non?stick, Energy?efficient, Easy to clean. Priced competitively at $30.99.",Home & Kitchen,Storage & Organization,77,32,30.99,3.9
BPM-JRNJ6225,Velour Makeup Hydra,"Velour Makeup with Paraben?free, For dry skin, Hyaluronic acid. Priced competitively at $108.00.",Beauty & Personal Care,Makeup,500,29,108,4.4
